originalNodeId,canonicalNodeId,name,merged
201000529,201000529,100°C沸水,false
201000530,201000530,30°C温水,false
201003588,201003588,52%VOL白酒,false
201002560,201002560,Masala粉,false
201001296,201001296,NFC橙汁,false
201000897,201000897,espresso意式浓缩,false
201002339,201002339,丁香,false
201002742,201002339,丁香,true
201003594,201002339,丁香,true
201004666,201004666,三文鱼,false
201004822,201004822,东北米,false
201001810,201001810,东北酸菜,false
201003036,201003036,中筋面粉,false
201003091,201003036,中筋面粉,true
201004507,201003036,中筋面粉,true
201004613,201004613,中粗辣椒面,false
201004683,201004683,丽滋饼干,false
201001384,201001384,乌枣,false
201001385,201001385,乌梅,false
201003978,201003978,乳鸽,false
201002459,201002459,二荆条,false
201003672,201003672,云南单山蘸水,false
201000129,201000129,五花肉,false
201001569,201000129,五花肉,true
201001871,201000129,五花肉,true
201001892,201000129,五花肉,true
201002351,201000129,五花肉,true
201002628,201000129,五花肉,true
201002777,201000129,五花肉,true
201002864,201000129,五花肉,true
201003484,201000129,五花肉,true
201004570,201000129,五花肉,true
201004768,201000129,五花肉,true
201005385,201000129,五花肉,true
201005403,201000129,五花肉,true
201005451,201000129,五花肉,true
201001594,201001594,五花肉/瘦肉,false
201003396,201003396,五花肉条,false
201001967,201001967,五花肉薄片,false
201000779,201000779,五香粉,false
201000847,201000779,五香粉,true
201001816,201000779,五香粉,true
201002294,201000779,五香粉,true
201002494,201000779,五香粉,true
201002638,201000779,五香粉,true
201002779,201000779,五香粉,true
201002949,201000779,五香粉,true
201003298,201000779,五香粉,true
201003448,201000779,五香粉,true
201004123,201000779,五香粉,true
201004243,201000779,五香粉,true
201005233,201000779,五香粉,true
201001233,201001233,伏特加,false
201000927,201000927,低筋面粉,false
201001022,201000927,低筋面粉,true
201001071,201000927,低筋面粉,true
201000722,201000722,俄式酸黄瓜汁,false
201000869,201000869,保鲜膜,false
201001455,201001455,兔肉,false
201001111,201001111,全脂奶粉,false
201001199,201001111,全脂奶粉,true
201004373,201004373,全脂牛奶,false
201000663,201000663,全脂牛奶/奶油,false
201000107,201000107,八角,false
201000164,201000107,八角,true
201000231,201000107,八角,true
201000463,201000107,八角,true
201000485,201000107,八角,true
201000672,201000107,八角,true
201000850,201000107,八角,true
201001440,201000107,八角,true
201001466,201000107,八角,true
201001531,201000107,八角,true
201001676,201000107,八角,true
201001707,201000107,八角,true
201002291,201000107,八角,true
201002340,201000107,八角,true
201002377,201000107,八角,true
201002607,201000107,八角,true
201002714,201000107,八角,true
201002740,201000107,八角,true
201002848,201000107,八角,true
201002909,201000107,八角,true
201002969,201000107,八角,true
201002989,201000107,八角,true
201003011,201000107,八角,true
201003202,201000107,八角,true
201003236,201000107,八角,true
201003326,201000107,八角,true
201003438,201000107,八角,true
201003591,201000107,八角,true
201005003,201000107,八角,true
201004047,201004047,其他蔬菜（青椒番茄胡萝卜等）,false
201003482,201003482,内脂豆腐,false
201003276,201003276,农村玉米鸡,false
201001176,201001176,冬瓜,false
201002181,201001176,冬瓜,true
201005539,201001176,冬瓜,true
201004671,201004671,冬菇,false
201001275,201001275,冰,false
201001162,201001162,冰块,false
201001187,201001162,冰块,true
201001209,201001162,冰块,true
201001240,201001162,冰块,true
201001301,201001162,冰块,true
201001319,201001162,冰块,true
201001346,201001162,冰块,true
201001359,201001162,冰块,true
201001402,201001162,冰块,true
201001420,201001162,冰块,true
201000531,201000531,冰水,false
201001249,201001249,冰粉籽,false
201000213,201000213,冰糖,false
201000480,201000213,冰糖,true
201000676,201000213,冰糖,true
201000795,201000213,冰糖,true
201001177,201000213,冰糖,true
201001954,201000213,冰糖,true
201001985,201000213,冰糖,true
201002292,201000213,冰糖,true
201002334,201000213,冰糖,true
201002615,201000213,冰糖,true
201002706,201000213,冰糖,true
201002746,201000213,冰糖,true
201002843,201000213,冰糖,true
201002964,201000213,冰糖,true
201002982,201000213,冰糖,true
201003005,201000213,冰糖,true
201003321,201000213,冰糖,true
201003837,201000213,冰糖,true
201003994,201000213,冰糖,true
201004481,201004481,冷冻去皮基围虾,false
201004593,201004593,冷冻玉米粒,false
201000697,201000697,冷冻花卷,false
201004592,201004592,冷冻青豆,false
201000574,201000574,冷水,false
201001138,201000574,冷水,true
201002318,201000574,冷水,true
201004019,201000574,冷水,true
201004042,201000574,冷水,true
201004639,201000574,冷水,true
201004283,201004283,冷饭,false
201004479,201004283,冷饭,true
201002986,201002986,凉水,false
201001250,201001250,凉白开,false
201002212,201002212,凉白开水,false
201003535,201003535,凉皮,false
201004604,201004604,凉粉,false
201001757,201001757,凤尾,false
201003140,201003140,凤梨,false
201004557,201004557,出汁,false
201001214,201001214,切丝柳橙干,false
201001213,201001213,切丝芒果干,false
201000066,201000066,刷子,false
201004713,201004713,剁椒,false
201003708,201003708,前腿肉,false
201001091,201001091,加糖炼乳,false
201003802,201003802,包菜,false
201005343,201003802,包菜,true
201005402,201003802,包菜,true
201001224,201001224,北京二锅头酒,false
201002107,201002107,北京麻辣方便面,false
201004691,201004691,北方大米,false
201004701,201004691,北方大米,true
201000440,201000440,十三香,false
201000783,201000440,十三香,true
201001613,201000440,十三香,true
201001874,201000440,十三香,true
201004578,201000440,十三香,true
201004612,201000440,十三香,true
201004655,201000440,十三香,true
201004775,201000440,十三香,true
201000239,201000239,千张,false
201005292,201005292,午餐肉,false
201004482,201004482,午餐肉罐头,false
201004368,201004368,半干荞麦面,false
201003559,201003559,半成品意大利面,false
201003652,201003652,半成品薯条,false
201002611,201002611,南乳,false
201002702,201002611,南乳,true
201004992,201004992,南瓜,false
201002229,201002229,南腐乳,false
201002744,201002229,南腐乳,true
201002225,201002225,卤料包,false
201001100,201001100,原味酸奶,false
201002559,201001100,原味酸奶,true
201003835,201003835,去壳核桃,false
201003991,201003991,去心莲子,false
201001607,201001607,去皮猪肉,false
201002753,201002753,叉烧酱,false
201002884,201002884,口蘑,false
201001239,201001239,可乐,false
201001485,201001239,可乐,true
201001186,201001186,可口可乐,false
201000941,201000941,可可粉,false
201001125,201000941,可可粉,true
201004944,201004944,叶菜类蔬菜,false
201000899,201000899,吉利丁,false
201001101,201001101,吉利丁片,false
201001735,201001735,吉士粉,false
201000512,201000512,吐司,false
201000732,201000512,吐司,true
201000137,201000137,味极鲜,false
201005562,201000137,味极鲜,true
201004549,201004549,味淋,false
201000088,201000088,味精,false
201001457,201000088,味精,true
201001535,201000088,味精,true
201001615,201000088,味精,true
201002133,201000088,味精,true
201002267,201000088,味精,true
201002359,201000088,味精,true
201002903,201000088,味精,true
201003088,201000088,味精,true
201003401,201000088,味精,true
201003464,201000088,味精,true
201003866,201000088,味精,true
201004092,201000088,味精,true
201004777,201000088,味精,true
201005301,201000088,味精,true
201003848,201003848,味素,false
201001357,201001357,咖啡液,false
201000557,201000557,咖啡粉,false
201000902,201000557,咖啡粉,true
201001335,201001335,咖啡调糖,false
201000003,201000003,咖喱块,false
201002316,201000003,咖喱块,true
201004526,201000003,咖喱块,true
201003483,201003483,咸鸭蛋,false
201001528,201001528,商芝,false
201000174,201000174,啤酒,false
201001430,201000174,啤酒,true
201002238,201000174,啤酒,true
201002329,201000174,啤酒,true
201002419,201000174,啤酒,true
201002539,201000174,啤酒,true
201003277,201000174,啤酒,true
201005450,201005450,四季豆,false
201001901,201001901,土豆,false
201002134,201001901,土豆,true
201002314,201001901,土豆,true
201002371,201001901,土豆,true
201002577,201001901,土豆,true
201002649,201001901,土豆,true
201002922,201001901,土豆,true
201003209,201001901,土豆,true
201003283,201001901,土豆,true
201003357,201001901,土豆,true
201004528,201001901,土豆,true
201004900,201001901,土豆,true
201005094,201001901,土豆,true
201005196,201001901,土豆,true
201005228,201001901,土豆,true
201005423,201001901,土豆,true
201001873,201001873,土豆干粉条,false
201001753,201001753,土豆淀粉,false
201003090,201001753,土豆淀粉,true
201003365,201001753,土豆淀粉,true
201003713,201001753,土豆淀粉,true
201003346,201003346,地瓜粉,false
201000561,201000561,坚果,false
201001336,201001336,坚果碎,false
201000733,201000733,培根,false
201002395,201000733,培根,true
201004533,201000733,培根,true
201000759,201000759,培根片,false
201001127,201001127,塔塔粉,false
201001728,201001728,大排,false
201001818,201001818,大料,false
201001994,201001818,大料,true
201001872,201001872,大白菜,false
201003749,201003749,大米,false
201003820,201003749,大米,true
201000102,201000102,大葱,false
201000130,201000102,大葱,true
201000225,201000102,大葱,true
201000297,201000102,大葱,true
201001437,201000102,大葱,true
201001811,201000102,大葱,true
201001947,201000102,大葱,true
201002457,201000102,大葱,true
201002489,201000102,大葱,true
201002650,201000102,大葱,true
201002677,201000102,大葱,true
201002823,201000102,大葱,true
201003029,201000102,大葱,true
201003078,201000102,大葱,true
201003579,201000102,大葱,true
201003943,201000102,大葱,true
201003963,201000102,大葱,true
201004236,201000102,大葱,true
201004394,201000102,大葱,true
201005054,201000102,大葱,true
201005367,201000102,大葱,true
201000367,201000367,大葱葱白,false
201000008,201000008,大蒜,false
201000048,201000008,大蒜,true
201000194,201000008,大蒜,true
201000232,201000008,大蒜,true
201000398,201000008,大蒜,true
201001433,201000008,大蒜,true
201001760,201000008,大蒜,true
201002041,201000008,大蒜,true
201002062,201000008,大蒜,true
201002232,201000008,大蒜,true
201002289,201000008,大蒜,true
201002400,201000008,大蒜,true
201002426,201000008,大蒜,true
201002534,201000008,大蒜,true
201002655,201000008,大蒜,true
201002678,201000008,大蒜,true
201002882,201000008,大蒜,true
201003282,201000008,大蒜,true
201003376,201000008,大蒜,true
201003404,201000008,大蒜,true
201003485,201000008,大蒜,true
201003540,201000008,大蒜,true
201003581,201000008,大蒜,true
201004032,201000008,大蒜,true
201004237,201000008,大蒜,true
201004409,201000008,大蒜,true
201004606,201000008,大蒜,true
201004715,201000008,大蒜,true
201004844,201000008,大蒜,true
201004866,201000008,大蒜,true
201004976,201000008,大蒜,true
201005055,201000008,大蒜,true
201005131,201000008,大蒜,true
201005167,201000008,大蒜,true
201005197,201000008,大蒜,true
201005453,201000008,大蒜,true
201005518,201000008,大蒜,true
201005598,201000008,大蒜,true
201005611,201000008,大蒜,true
201003624,201003624,大蒜/蒜泥,false
201000396,201000396,大虾,false
201003413,201003413,大鸡腿,false
201001207,201001207,奇亚籽,false
201001260,201001260,奇异果,false
201000912,201000912,奥利奥,false
201004436,201004436,奶制品,false
201001361,201001361,奶油,false
201001077,201001077,奶油奶酪,false
201002393,201002393,奶酪,false
201002394,201002394,奶酪（烘烤用）,false
201000027,201000027,姜,false
201000064,201000027,姜,true
201000075,201000027,姜,true
201000103,201000027,姜,true
201000131,201000027,姜,true
201000170,201000027,姜,true
201000210,201000027,姜,true
201000260,201000027,姜,true
201000275,201000027,姜,true
201000298,201000027,姜,true
201000341,201000027,姜,true
201000455,201000027,姜,true
201000475,201000027,姜,true
201000818,201000027,姜,true
201001462,201000027,姜,true
201001530,201000027,姜,true
201001634,201000027,姜,true
201001812,201000027,姜,true
201001950,201000027,姜,true
201001997,201000027,姜,true
201002085,201000027,姜,true
201002170,201000027,姜,true
201002211,201000027,姜,true
201002262,201000027,姜,true
201002332,201000027,姜,true
201002372,201000027,姜,true
201002438,201000027,姜,true
201002490,201000027,姜,true
201002675,201000027,姜,true
201002735,201000027,姜,true
201002806,201000027,姜,true
201002841,201000027,姜,true
201002961,201000027,姜,true
201002981,201000027,姜,true
201003004,201000027,姜,true
201003059,201000027,姜,true
201003079,201000027,姜,true
201003127,201000027,姜,true
201003177,201000027,姜,true
201003199,201000027,姜,true
201003231,201000027,姜,true
201003261,201000027,姜,true
201003278,201000027,姜,true
201003307,201000027,姜,true
201003317,201000027,姜,true
201003360,201000027,姜,true
201003403,201000027,姜,true
201003415,201000027,姜,true
201003440,201000027,姜,true
201003471,201000027,姜,true
201003622,201000027,姜,true
201003731,201000027,姜,true
201003851,201000027,姜,true
201003920,201000027,姜,true
201003981,201000027,姜,true
201004023,201000027,姜,true
201004580,201000027,姜,true
201004779,201000027,姜,true
201004903,201000027,姜,true
201005236,201000027,姜,true
201005295,201000027,姜,true
201005333,201000027,姜,true
201005410,201000027,姜,true
201005662,201000027,姜,true
201001675,201001675,姜末,false
201001898,201001675,姜末,true
201002021,201001675,姜末,true
201003147,201001675,姜末,true
201005547,201001675,姜末,true
201005639,201001675,姜末,true
201000426,201000426,姜沫,false
201000854,201000854,姜片,false
201002463,201000854,姜片,true
201002604,201000854,姜片,true
201002634,201000854,姜片,true
201002709,201000854,姜片,true
201002827,201000854,姜片,true
201002908,201000854,姜片,true
201002945,201000854,姜片,true
201003053,201000854,姜片,true
201003229,201000854,姜片,true
201004238,201000854,姜片,true
201001704,201001704,姜粉,false
201002562,201001704,姜粉,true
201001598,201001598,姜蒜,false
201002865,201001598,姜蒜,true
201000458,201000458,娃娃菜,false
201003527,201000458,娃娃菜,true
201004369,201000458,娃娃菜,true
201005290,201000458,娃娃菜,true
201000168,201000168,子弹头辣椒,false
201005498,201005498,孜然,false
201000245,201000245,孜然粉,false
201000777,201000245,孜然粉,true
201003967,201000245,孜然粉,true
201004095,201000245,孜然粉,true
201004121,201000245,孜然粉,true
201001553,201001553,孜然粒,false
201004509,201004509,安琪干酵母粉,false
201001372,201001372,安琪甜酒曲,false
201002885,201002885,小土豆,false
201004332,201004332,小汤圆,false
201002886,201002886,小番茄,false
201003701,201003701,小米,false
201003827,201003701,小米,true
201000087,201000087,小米椒,false
201000843,201000087,小米椒,true
201001554,201000087,小米椒,true
201001571,201000087,小米椒,true
201002168,201000087,小米椒,true
201002423,201000087,小米椒,true
201002514,201000087,小米椒,true
201002784,201000087,小米椒,true
201003064,201000087,小米椒,true
201003305,201000087,小米椒,true
201003439,201000087,小米椒,true
201003487,201000087,小米椒,true
201005033,201000087,小米椒,true
201005215,201000087,小米椒,true
201005496,201000087,小米椒,true
201000340,201000340,小米辣,false
201001435,201000340,小米辣,true
201001592,201000340,小米辣,true
201002153,201000340,小米辣,true
201002679,201000340,小米辣,true
201002737,201000340,小米辣,true
201003113,201000340,小米辣,true
201003473,201000340,小米辣,true
201004323,201000340,小米辣,true
201004410,201000340,小米辣,true
201004958,201000340,小米辣,true
201005256,201000340,小米辣,true
201005316,201000340,小米辣,true
201005332,201000340,小米辣,true
201005368,201000340,小米辣,true
201005404,201000340,小米辣,true
201005454,201000340,小米辣,true
201005519,201000340,小米辣,true
201005630,201000340,小米辣,true
201001764,201001764,小米辣干辣椒,false
201003092,201003092,小苏打,false
201001471,201001471,小茴香,false
201003595,201001471,小茴香,true
201000339,201000339,小葱,false
201000849,201000339,小葱,true
201001492,201000339,小葱,true
201001610,201000339,小葱,true
201001768,201000339,小葱,true
201002023,201000339,小葱,true
201002261,201000339,小葱,true
201002352,201000339,小葱,true
201002373,201000339,小葱,true
201002708,201000339,小葱,true
201002824,201000339,小葱,true
201003470,201000339,小葱,true
201003750,201000339,小葱,true
201004060,201000339,小葱,true
201004102,201000339,小葱,true
201004124,201000339,小葱,true
201004154,201000339,小葱,true
201004217,201000339,小葱,true
201004751,201000339,小葱,true
201004843,201000339,小葱,true
201004865,201000339,小葱,true
201004959,201000339,小葱,true
201005155,201000339,小葱,true
201001463,201001463,小葱/大葱/洋葱,false
201003717,201003717,小香葱,false
201004733,201004733,小麦粉,false
201000161,201000161,小龙虾,false
201001632,201001632,尖椒,false
201004901,201001632,尖椒,true
201001469,201001469,山奈,false
201003590,201001469,山奈,true
201003600,201003600,山楂,false
201001386,201001386,山楂片（生）,false
201003188,201003188,山胡椒油,false
201000558,201000558,巧克力,false
201000041,201000041,巴沙鱼,false
201002284,201002284,带皮五花肉,false
201002838,201002284,带皮五花肉,true
201001527,201001527,带皮猪五花肉,false
201003026,201003026,带皮羊排,false
201001667,201001667,带脚、爪猪前肘,false
201002849,201002849,干小米椒,false
201005313,201005313,干木耳,false
201001391,201001391,干桂花,false
201003778,201003778,干紫菜,false
201004240,201004240,干红椒,false
201002654,201002654,干线椒,false
201001864,201001864,干罗勒或百里香,false
201002106,201002106,干豆腐,false
201000077,201000077,干辣椒,false
201000108,201000077,干辣椒,true
201000133,201000077,干辣椒,true
201000433,201000077,干辣椒,true
201000465,201000077,干辣椒,true
201000481,201000077,干辣椒,true
201001442,201000077,干辣椒,true
201001464,201000077,干辣椒,true
201001705,201000077,干辣椒,true
201002108,201000077,干辣椒,true
201002127,201000077,干辣椒,true
201002233,201000077,干辣椒,true
201002335,201000077,干辣椒,true
201002376,201000077,干辣椒,true
201002458,201000077,干辣椒,true
201002609,201000077,干辣椒,true
201002741,201000077,干辣椒,true
201003031,201000077,干辣椒,true
201005200,201000077,干辣椒,true
201005354,201000077,干辣椒,true
201000235,201000235,干辣椒段,false
201002805,201002805,干辣椒粉,false
201000776,201000776,干辣椒面,false
201000839,201000776,干辣椒面,true
201003589,201000776,干辣椒面,true
201004432,201004432,干酵母,false
201004216,201004216,干面条,false
201003414,201003414,干香菇,false
201004059,201004059,年糕,false
201000010,201000010,开水,false
201000573,201000010,开水,true
201000797,201000010,开水,true
201001139,201000010,开水,true
201001322,201000010,开水,true
201002850,201000010,开水,true
201002868,201000010,开水,true
201002987,201000010,开水,true
201003009,201000010,开水,true
201003493,201000010,开水,true
201003678,201000010,开水,true
201003895,201000010,开水,true
201003925,201000010,开水,true
201003951,201000010,开水,true
201003964,201000010,开水,true
201005641,201000010,开水,true
201005663,201000010,开水,true
201000822,201000822,开洋,false
201003051,201003051,当归,false
201004355,201004355,快熟面,false
201004467,201004467,意大利面,false
201004623,201004467,意大利面,true
201004470,201004470,意大利面酱,false
201000757,201000757,手抓饼,false
201000937,201000937,手指饼干,false
201002455,201002455,手枪腿,false
201004137,201004137,挂面,false
201004569,201004137,挂面,true
201004747,201004137,挂面,true
201001701,201001701,排骨,false
201002938,201001701,排骨,true
201003297,201001701,排骨,true
201003337,201001701,排骨,true
201003874,201001701,排骨,true
201003903,201001701,排骨,true
201003940,201001701,排骨,true
201004003,201001701,排骨,true
201001537,201001537,摊鸡蛋皮,false
201000938,201000938,放凉浓缩咖啡,false
201003586,201003586,整形香料,false
201000028,201000028,料酒,false
201000080,201000028,料酒,true
201000116,201000028,料酒,true
201000135,201000028,料酒,true
201000227,201000028,料酒,true
201000263,201000028,料酒,true
201000279,201000028,料酒,true
201000299,201000028,料酒,true
201000342,201000028,料酒,true
201000419,201000028,料酒,true
201000434,201000028,料酒,true
201000482,201000028,料酒,true
201000810,201000028,料酒,true
201000819,201000028,料酒,true
201001443,201000028,料酒,true
201001459,201000028,料酒,true
201001491,201000028,料酒,true
201001534,201000028,料酒,true
201001611,201000028,料酒,true
201001655,201000028,料酒,true
201001673,201000028,料酒,true
201001702,201000028,料酒,true
201001751,201000028,料酒,true
201001790,201000028,料酒,true
201001802,201000028,料酒,true
201001817,201000028,料酒,true
201001896,201000028,料酒,true
201001923,201000028,料酒,true
201001937,201000028,料酒,true
201001951,201000028,料酒,true
201001999,201000028,料酒,true
201002079,201000028,料酒,true
201002129,201000028,料酒,true
201002210,201000028,料酒,true
201002336,201000028,料酒,true
201002356,201000028,料酒,true
201002374,201000028,料酒,true
201002468,201000028,料酒,true
201002491,201000028,料酒,true
201002540,201000028,料酒,true
201002585,201000028,料酒,true
201002636,201000028,料酒,true
201002660,201000028,料酒,true
201002676,201000028,料酒,true
201002803,201000028,料酒,true
201002844,201000028,料酒,true
201002911,201000028,料酒,true
201002965,201000028,料酒,true
201002985,201000028,料酒,true
201003008,201000028,料酒,true
201003060,201000028,料酒,true
201003086,201000028,料酒,true
201003129,201000028,料酒,true
201003184,201000028,料酒,true
201003200,201000028,料酒,true
201003299,201000028,料酒,true
201003323,201000028,料酒,true
201003402,201000028,料酒,true
201003419,201000028,料酒,true
201003444,201000028,料酒,true
201003922,201000028,料酒,true
201003948,201000028,料酒,true
201003962,201000028,料酒,true
201003982,201000028,料酒,true
201004246,201000028,料酒,true
201004555,201000028,料酒,true
201004582,201000028,料酒,true
201004716,201000028,料酒,true
201005152,201000028,料酒,true
201005406,201000028,料酒,true
201005477,201000028,料酒,true
201005541,201000028,料酒,true
201005634,201000028,料酒,true
201003235,201003235,料酒/黄酒,false
201000327,201000327,料酒、朗姆酒或啤酒,false
201000597,201000597,新鲜玉米,false
201001403,201001403,新鲜绿叶,false
201001421,201001403,新鲜绿叶,true
201005512,201005512,新鲜菜心,false
201000528,201000528,新鲜鸡蛋,false
201004077,201004077,方便面,false
201004082,201004082,方便面调料包,false
201000720,201000720,方形吐司片,false
201001223,201001223,方糖,false
201000397,201000397,无盐黄油,false
201001070,201000397,无盐黄油,true
201001109,201000397,无盐黄油,true
201000939,201000939,无菌鸡蛋,false
201002105,201002105,无骨肉（猪肉、牛肉、鸡肉、鱼丸、火腿肠）,false
201005214,201005214,日本豆腐,false
201003917,201003917,昂刺鱼或沙光鱼,false
201000746,201000746,昆布酱油,false
201004138,201004138,普通面条,false
201000572,201000572,普通面粉,false
201004667,201004667,有盐牛油,false
201000942,201000942,朗姆酒,false
201001365,201000942,朗姆酒,true
201001570,201001570,朝天椒,false
201001653,201001653,木耳,false
201003715,201001653,木耳,true
201002077,201002077,木耳（干）,false
201001274,201001274,果蜜,false
201000513,201000513,果酱,false
201001238,201001238,枫糖浆,false
201001715,201001715,枸杞,false
201003993,201001715,枸杞,true
201004334,201001715,枸杞,true
201000191,201000191,柠檬,false
201000400,201000191,柠檬,true
201001188,201000191,柠檬,true
201001236,201000191,柠檬,true
201001273,201000191,柠檬,true
201001302,201000191,柠檬,true
201001401,201000191,柠檬,true
201001418,201000191,柠檬,true
201002688,201000191,柠檬,true
201000928,201000928,柠檬汁,false
201001237,201000928,柠檬汁,true
201001300,201000928,柠檬汁,true
201001691,201000928,柠檬汁,true
201002612,201002612,柱侯酱,false
201002700,201002612,柱侯酱,true
201002749,201002749,柱候酱,false
201003834,201003834,栗子,false
201000590,201000590,桂圆,false
201003833,201000590,桂圆,true
201000165,201000165,桂皮,false
201000230,201000165,桂皮,true
201000462,201000165,桂皮,true
201000479,201000165,桂皮,true
201000674,201000165,桂皮,true
201001439,201000165,桂皮,true
201001467,201000165,桂皮,true
201001677,201000165,桂皮,true
201002379,201000165,桂皮,true
201002608,201000165,桂皮,true
201002715,201000165,桂皮,true
201002842,201000165,桂皮,true
201002963,201000165,桂皮,true
201003320,201000165,桂皮,true
201000338,201000338,桂鱼,false
201001501,201001501,梅头猪肉,false
201002778,201002778,梅菜,false
201001110,201001110,棉花糖,false
201000214,201000214,植物油,false
201000343,201000214,植物油,true
201001608,201000214,植物油,true
201001754,201000214,植物油,true
201002472,201000214,植物油,true
201003770,201000214,植物油,true
201003805,201000214,植物油,true
201000648,201000648,椒盐,false
201001731,201001731,椒盐粉,false
201005438,201001731,椒盐粉,true
201001212,201001212,椰奶,false
201000898,201000898,椰子水,false
201000896,201000896,椰树牌椰汁,false
201000005,201000005,椰浆,false
201000195,201000195,橄榄油,false
201000401,201000195,橄榄油,true
201001689,201000195,橄榄油,true
201001858,201000195,橄榄油,true
201002878,201000195,橄榄油,true
201003804,201000195,橄榄油,true
201004511,201000195,橄榄油,true
201005452,201005452,橄榄菜,false
201001235,201001235,橙味甜酒,false
201001315,201001315,橙子,false
201001692,201001692,欧芹,false
201003801,201001692,欧芹,true
201005685,201005685,毛豆,false
201000373,201000373,水,false
201000598,201000373,水,true
201000607,201000373,水,true
201000698,201000373,水,true
201000879,201000373,水,true
201000885,201000373,水,true
201000962,201000373,水,true
201001036,201000373,水,true
201001283,201000373,水,true
201001383,201000373,水,true
201001511,201000373,水,true
201001736,201000373,水,true
201001841,201000373,水,true
201001955,201000373,水,true
201001972,201000373,水,true
201002000,201000373,水,true
201002089,201000373,水,true
201002188,201000373,水,true
201002563,201000373,水,true
201002901,201000373,水,true
201003038,201000373,水,true
201003182,201000373,水,true
201003268,201000373,水,true
201003366,201000373,水,true
201003528,201000373,水,true
201003620,201000373,水,true
201003633,201000373,水,true
201003702,201000373,水,true
201003769,201000373,水,true
201003781,201000373,水,true
201003933,201000373,水,true
201004174,201000373,水,true
201004184,201000373,水,true
201004308,201000373,水,true
201004331,201000373,水,true
201004354,201000373,水,true
201004378,201000373,水,true
201004554,201000373,水,true
201004591,201000373,水,true
201004629,201000373,水,true
201004668,201000373,水,true
201004692,201000373,水,true
201004702,201000373,水,true
201004911,201000373,水,true
201004936,201000373,水,true
201004948,201000373,水,true
201004967,201000373,水,true
201005101,201000373,水,true
201005119,201000373,水,true
201005153,201000373,水,true
201005222,201000373,水,true
201005427,201000373,水,true
201005693,201000373,水,true
201000719,201000719,水浸金枪鱼,false
201002187,201002187,水淀粉,false
201003468,201002187,水淀粉,true
201005154,201002187,水淀粉,true
201003582,201003582,永川豆鼓,false
201004700,201004700,江南米,false
201001400,201001400,汤力水气泡水,false
201004595,201004595,沙拉酱,false
201004089,201004089,河粉,false
201001201,201001201,沸水,false
201000078,201000078,油,false
201000109,201000078,油,true
201000141,201000078,油,true
201000162,201000078,油,true
201000522,201000078,油,true
201000770,201000078,油,true
201000796,201000078,油,true
201000816,201000078,油,true
201001035,201000078,油,true
201001512,201000078,油,true
201001557,201000078,油,true
201001737,201000078,油,true
201001842,201000078,油,true
201002442,201000078,油,true
201002656,201000078,油,true
201002980,201000078,油,true
201003204,201000078,油,true
201003782,201000078,油,true
201004120,201000078,油,true
201004205,201000078,油,true
201004288,201000078,油,true
201004387,201000078,油,true
201004453,201000078,油,true
201004487,201000078,油,true
201004640,201000078,油,true
201004721,201000078,油,true
201005391,201000078,油,true
201005440,201000078,油,true
201005612,201000078,油,true
201002476,201002476,油泼辣子,false
201003067,201002476,油泼辣子,true
201004320,201002476,油泼辣子,true
201004641,201004641,油酥,false
201003246,201003246,油麦菜,false
201004828,201003246,油麦菜,true
201000366,201000366,泡发好的海参（北极参）,false
201002530,201002530,泡姜,false
201000553,201000553,泡打粉,false
201001074,201000553,泡打粉,true
201002425,201002425,泡椒,false
201002531,201002425,泡椒,true
201004173,201004173,泡面,false
201001185,201001185,波旁威士忌,false
201000004,201000004,洋葱,false
201000192,201000004,洋葱,true
201000238,201000004,洋葱,true
201000276,201000004,洋葱,true
201000415,201000004,洋葱,true
201000820,201000004,洋葱,true
201001781,201000004,洋葱,true
201001857,201000004,洋葱,true
201002230,201000004,洋葱,true
201002312,201000004,洋葱,true
201002396,201000004,洋葱,true
201002680,201000004,洋葱,true
201002711,201000004,洋葱,true
201003211,201000004,洋葱,true
201003509,201000004,洋葱,true
201003580,201000004,洋葱,true
201003685,201000004,洋葱,true
201003799,201000004,洋葱,true
201004262,201000004,洋葱,true
201004469,201000004,洋葱,true
201004527,201000004,洋葱,true
201004545,201000004,洋葱,true
201005052,201000004,洋葱,true
201005473,201000004,洋葱,true
201000186,201000186,海盐,false
201001364,201000186,海盐,true
201002880,201000186,海盐,true
201004594,201004594,海苔碎,false
201000387,201000387,海虾,false
201000295,201000295,淀粉,false
201000372,201000295,淀粉,true
201000416,201000295,淀粉,true
201001556,201000295,淀粉,true
201001575,201000295,淀粉,true
201001652,201000295,淀粉,true
201001734,201000295,淀粉,true
201001920,201000295,淀粉,true
201001995,201000295,淀粉,true
201002061,201000295,淀粉,true
201002081,201000295,淀粉,true
201002186,201000295,淀粉,true
201002471,201000295,淀粉,true
201002586,201000295,淀粉,true
201002804,201000295,淀粉,true
201003124,201000295,淀粉,true
201003144,201000295,淀粉,true
201003511,201000295,淀粉,true
201003787,201000295,淀粉,true
201004103,201000295,淀粉,true
201004909,201000295,淀粉,true
201004935,201000295,淀粉,true
201005058,201000295,淀粉,true
201005299,201000295,淀粉,true
201005425,201000295,淀粉,true
201005437,201000295,淀粉,true
201005542,201000295,淀粉,true
201005578,201000295,淀粉,true
201005635,201000295,淀粉,true
201005659,201000295,淀粉,true
201000895,201000895,淡奶油,false
201000914,201000895,淡奶油,true
201001003,201000895,淡奶油,true
201001056,201000895,淡奶油,true
201001076,201000895,淡奶油,true
201001098,201000895,淡奶油,true
201003689,201000895,淡奶油,true
201001112,201001112,混合坚果,false
201000117,201000117,清水,false
201000142,201000117,清水,true
201000303,201000117,清水,true
201000346,201000117,清水,true
201000616,201000117,清水,true
201000806,201000117,清水,true
201001373,201000117,清水,true
201001623,201000117,清水,true
201001902,201000117,清水,true
201002022,201000117,清水,true
201002240,201000117,清水,true
201002661,201000117,清水,true
201002705,201000117,清水,true
201003560,201000117,清水,true
201003690,201000117,清水,true
201004724,201000117,清水,true
201004739,201000117,清水,true
201005082,201000117,清水,true
201005172,201000117,清水,true
201005520,201000117,清水,true
201004556,201004556,清酒,false
201003418,201003418,温水,false
201004431,201003418,温水,true
201004508,201003418,温水,true
201004657,201003418,温水,true
201005314,201005314,湿木耳,false
201000579,201000579,火腿,false
201004285,201000579,火腿,true
201004589,201000579,火腿,true
201000724,201000724,火腿片,false
201004079,201004079,火腿肠,false
201004264,201004079,火腿肠,true
201005275,201004079,火腿肠,true
201000241,201000241,火锅底料,false
201004371,201000241,火锅底料,true
201004804,201004804,火锅牛肉卷,false
201004293,201004293,灯影牛肉丝/午餐肉/腊肠/卤肉,false
201000236,201000236,灯笼椒,false
201002699,201002699,炸腐竹,false
201001285,201001285,炼乳,false
201003663,201003663,烧烤料,false
201002496,201002496,烧烤料或孜然粉,false
201000488,201000488,热水,false
201000690,201000488,热水,true
201004638,201000488,热水,true
201004781,201000488,热水,true
201004534,201004534,煎蛋,false
201004735,201004735,煮熟的腊肉,false
201004930,201004930,熟松子仁,false
201001541,201001541,熟猪油,false
201000841,201000841,熟白芝麻,false
201002460,201002460,熟花生,false
201000246,201000246,熟花生米,false
201001018,201001018,熟蛋黄,false
201003714,201003714,熟豆油,false
201000646,201000646,燕麦,false
201001149,201001149,爱尔兰百利甜酒,false
201000560,201000560,牛奶,false
201000631,201000560,牛奶,true
201000645,201000560,牛奶,true
201000925,201000560,牛奶,true
201000955,201000560,牛奶,true
201000980,201000560,牛奶,true
201001002,201000560,牛奶,true
201001051,201000560,牛奶,true
201001208,201000560,牛奶,true
201001287,201000560,牛奶,true
201001362,201000560,牛奶,true
201001863,201000560,牛奶,true
201002399,201000560,牛奶,true
201003688,201000560,牛奶,true
201004271,201000560,牛奶,true
201005483,201000560,牛奶,true
201002877,201002877,牛排,false
201001551,201001551,牛柳/牛肩肉,false
201003572,201003572,牛油,false
201001631,201001631,牛肉,false
201002556,201001631,牛肉,true
201002798,201001631,牛肉,true
201003197,201001631,牛肉,true
201003315,201001631,牛肉,true
201003508,201001631,牛肉,true
201003727,201001631,牛肉,true
201003795,201001631,牛肉,true
201003794,201003794,牛肉高汤,false
201002602,201002602,牛腩,false
201002734,201002602,牛腩,true
201003226,201002602,牛腩,true
201002239,201002239,牛腱子,false
201002529,201002529,牛蛙肉块,false
201002512,201002512,牛里脊,false
201002979,201002979,猪五花肉,false
201003003,201002979,猪五花肉,true
201004233,201002979,猪五花肉,true
201001983,201001983,猪前肘,false
201001809,201001809,猪排骨或五花肉,false
201002542,201002542,猪油,false
201002037,201002037,猪瘦肉,false
201002148,201002037,猪瘦肉,true
201002900,201002900,猪皮,false
201001782,201001782,猪肉,false
201003375,201001782,猪肉,true
201004711,201001782,猪肉,true
201004090,201004090,猪肉/牛肉,false
201001935,201001935,猪肉末,false
201002015,201001935,猪肉末,true
201002180,201001935,猪肉末,true
201002163,201002163,猪肉（五花肉）,false
201003358,201002163,猪肉（五花肉）,true
201002958,201002958,猪蹄,false
201003049,201002958,猪蹄,true
201003077,201003077,猪通脊肉,false
201001645,201001645,猪里脊,false
201002056,201001645,猪里脊,true
201001747,201001747,猪里脊肉,false
201003878,201003878,玉竹,false
201004007,201003878,玉竹,true
201003941,201003941,玉米,false
201003980,201003941,玉米,true
201004605,201004605,玉米油,false
201000981,201000981,玉米淀粉,false
201001023,201000981,玉米淀粉,true
201001054,201000981,玉米淀粉,true
201005077,201000981,玉米淀粉,true
201004266,201004266,玉米粒,false
201004485,201004266,玉米粒,true
201004824,201004266,玉米粒,true
201004929,201004266,玉米粒,true
201005436,201004266,玉米粒,true
201001334,201001334,瓶装椰汁,false
201003247,201003247,甘竹牌鲮鱼罐头,false
201001388,201001388,甘草,false
201002743,201001388,甘草,true
201001148,201001148,甘露咖啡酒,false
201002652,201002652,甜椒,false
201003028,201002652,甜椒,true
201001838,201001838,甜椒粉,false
201001669,201001669,甜面酱,false
201004144,201001669,甜面酱,true
201000193,201000193,生姜,false
201001434,201000193,生姜,true
201001490,201000193,生姜,true
201001761,201000193,生姜,true
201002042,201000193,生姜,true
201002231,201000193,生姜,true
201002353,201000193,生姜,true
201002418,201000193,生姜,true
201003032,201000193,生姜,true
201003486,201000193,生姜,true
201003753,201000193,生姜,true
201003906,201000193,生姜,true
201003945,201000193,生姜,true
201002126,201002126,生姜片,false
201000112,201000112,生抽,false
201000175,201000112,生抽,true
201000189,201000112,生抽,true
201000244,201000112,生抽,true
201000324,201000112,生抽,true
201000370,201000112,生抽,true
201000390,201000112,生抽,true
201000417,201000112,生抽,true
201000435,201000112,生抽,true
201000461,201000112,生抽,true
201000483,201000112,生抽,true
201000501,201000112,生抽,true
201000678,201000112,生抽,true
201000787,201000112,生抽,true
201000807,201000112,生抽,true
201001447,201000112,生抽,true
201001487,201000112,生抽,true
201001508,201000112,生抽,true
201001596,201000112,生抽,true
201001619,201000112,生抽,true
201001649,201000112,生抽,true
201001713,201000112,生抽,true
201001833,201000112,生抽,true
201001878,201000112,生抽,true
201001894,201000112,生抽,true
201001922,201000112,生抽,true
201001938,201000112,生抽,true
201001970,201000112,生抽,true
201001988,201000112,生抽,true
201002017,201000112,生抽,true
201002039,201000112,生抽,true
201002060,201000112,生抽,true
201002078,201000112,生抽,true
201002150,201000112,生抽,true
201002185,201000112,生抽,true
201002206,201000112,生抽,true
201002234,201000112,生抽,true
201002265,201000112,生抽,true
201002380,201000112,生抽,true
201002420,201000112,生抽,true
201002583,201000112,生抽,true
201002631,201000112,生抽,true
201002658,201000112,生抽,true
201002681,201000112,生抽,true
201002752,201000112,生抽,true
201002783,201000112,生抽,true
201002825,201000112,生抽,true
201002845,201000112,生抽,true
201002905,201000112,生抽,true
201002925,201000112,生抽,true
201002941,201000112,生抽,true
201002966,201000112,生抽,true
201003006,201000112,生抽,true
201003056,201000112,生抽,true
201003108,201000112,生抽,true
201003145,201000112,生抽,true
201003167,201000112,生抽,true
201003183,201000112,生抽,true
201003232,201000112,生抽,true
201003249,201000112,生抽,true
201003263,201000112,生抽,true
201003303,201000112,生抽,true
201003324,201000112,生抽,true
201003420,201000112,生抽,true
201003445,201000112,生抽,true
201003465,201000112,生抽,true
201003544,201000112,生抽,true
201004028,201000112,生抽,true
201004094,201000112,生抽,true
201004201,201000112,生抽,true
201004219,201000112,生抽,true
201004244,201000112,生抽,true
201004292,201000112,生抽,true
201004360,201000112,生抽,true
201004374,201000112,生抽,true
201004454,201000112,生抽,true
201004573,201000112,生抽,true
201004609,201000112,生抽,true
201004717,201000112,生抽,true
201004773,201000112,生抽,true
201004813,201000112,生抽,true
201004845,201000112,生抽,true
201004867,201000112,生抽,true
201004906,201000112,生抽,true
201004964,201000112,生抽,true
201005036,201000112,生抽,true
201005078,201000112,生抽,true
201005132,201000112,生抽,true
201005150,201000112,生抽,true
201005168,201000112,生抽,true
201005202,201000112,生抽,true
201005217,201000112,生抽,true
201005232,201000112,生抽,true
201005258,201000112,生抽,true
201005278,201000112,生抽,true
201005319,201000112,生抽,true
201005349,201000112,生抽,true
201005370,201000112,生抽,true
201005387,201000112,生抽,true
201005407,201000112,生抽,true
201005514,201000112,生抽,true
201005543,201000112,生抽,true
201005577,201000112,生抽,true
201005602,201000112,生抽,true
201005614,201000112,生抽,true
201005636,201000112,生抽,true
201005713,201000112,生抽,true
201005729,201000112,生抽,true
201001555,201001555,生抽酱油,false
201001750,201001555,生抽酱油,true
201001815,201001555,生抽酱油,true
201002287,201001555,生抽酱油,true
201002330,201001555,生抽酱油,true
201002358,201001555,生抽酱油,true
201002464,201001555,生抽酱油,true
201000007,201000007,生粉,false
201001509,201000007,生粉,true
201002538,201000007,生粉,true
201002924,201000007,生粉,true
201003107,201000007,生粉,true
201003267,201000007,生粉,true
201003894,201000007,生粉,true
201004390,201000007,生粉,true
201004722,201000007,生粉,true
201001513,201001513,生粉（裹粉用）,false
201002461,201002461,生花生,false
201000578,201000578,生菜,false
201003397,201000578,生菜,true
201003752,201000578,生菜,true
201004370,201000578,生菜,true
201005165,201000578,生菜,true
201000060,201000060,生蚝,false
201002487,201002487,生鸡肝,false
201002557,201003210,西红柿,true
201003728,201003210,西红柿,true
201003796,201003796,番茄罐头,false
201003797,201003797,番茄膏,false
201000292,201000292,番茄酱,false
201001789,201000292,番茄酱,true
201001862,201000292,番茄酱,true
201001925,201000292,番茄酱,true
201002947,201000292,番茄酱,true
201003149,201000292,番茄酱,true
201003342,201000292,番茄酱,true
201004269,201000292,番茄酱,true
201004625,201000292,番茄酱,true
201003123,201003123,瘦肉,false
201003139,201003123,瘦肉,true
201003748,201003123,瘦肉,true
201004021,201004021,瘦肉末,false
201001298,201001298,白朗姆,false
201001234,201001234,白朗姆酒,false
201003083,201003083,白熟芝麻,false
201005629,201005629,白玉菇,false
201000083,201000083,白砂糖,false
201000868,201000083,白砂糖,true
201000878,201000083,白砂糖,true
201000884,201000083,白砂糖,true
201000913,201000083,白砂糖,true
201000940,201000083,白砂糖,true
201000958,201000083,白砂糖,true
201001004,201000083,白砂糖,true
201001020,201000083,白砂糖,true
201001057,201000083,白砂糖,true
201001087,201000083,白砂糖,true
201001140,201000083,白砂糖,true
201001263,201000083,白砂糖,true
201001318,201000083,白砂糖,true
201001510,201000083,白砂糖,true
201001767,201000083,白砂糖,true
201001900,201000083,白砂糖,true
201002629,201000083,白砂糖,true
201002653,201000083,白砂糖,true
201002781,201000083,白砂糖,true
201002939,201000083,白砂糖,true
201002983,201000083,白砂糖,true
201003033,201000083,白砂糖,true
201003143,201000083,白砂糖,true
201003301,201000083,白砂糖,true
201003338,201000083,白砂糖,true
201004512,201000083,白砂糖,true
201004756,201000083,白砂糖,true
201004933,201000083,白砂糖,true
201005426,201000083,白砂糖,true
201005530,201000083,白砂糖,true
201000134,201000134,白糖,false
201000243,201000134,白糖,true
201000293,201000134,白糖,true
201000323,201000134,白糖,true
201000371,201000134,白糖,true
201000431,201000134,白糖,true
201000503,201000134,白糖,true
201000554,201000134,白糖,true
201000808,201000134,白糖,true
201000924,201000134,白糖,true
201000984,201000134,白糖,true
201001286,201000134,白糖,true
201001486,201000134,白糖,true
201001601,201000134,白糖,true
201001919,201000134,白糖,true
201002083,201000134,白糖,true
201002131,201000134,白糖,true
201002169,201000134,白糖,true
201002208,201000134,白糖,true
201002237,201000134,白糖,true
201002264,201000134,白糖,true
201002375,201000134,白糖,true
201002467,201000134,白糖,true
201002588,201000134,白糖,true
201002684,201000134,白糖,true
201003085,201000134,白糖,true
201003110,201000134,白糖,true
201003205,201000134,白糖,true
201003234,201000134,白糖,true
201003250,201000134,白糖,true
201003934,201000134,白糖,true
201004221,201000134,白糖,true
201004335,201000134,白糖,true
201004414,201000134,白糖,true
201004654,201000134,白糖,true
201004718,201000134,白糖,true
201004833,201000134,白糖,true
201004848,201000134,白糖,true
201004869,201000134,白糖,true
201004966,201000134,白糖,true
201005024,201000134,白糖,true
201005081,201000134,白糖,true
201005134,201000134,白糖,true
201005149,201000134,白糖,true
201005170,201000134,白糖,true
201005260,201000134,白糖,true
201005318,201000134,白糖,true
201005388,201000134,白糖,true
201005601,201000134,白糖,true
201005613,201000134,白糖,true
201003908,201003908,白胡椒,false
201000047,201000047,白胡椒粉,false
201000229,201000047,白胡椒粉,true
201001926,201000047,白胡椒粉,true
201001939,201000047,白胡椒粉,true
201002024,201000047,白胡椒粉,true
201002130,201000047,白胡椒粉,true
201002293,201000047,白胡椒粉,true
201002863,201000047,白胡椒粉,true
201003052,201000047,白胡椒粉,true
201003233,201000047,白胡椒粉,true
201003965,201000047,白胡椒粉,true
201004761,201000047,白胡椒粉,true
201000247,201000247,白芝麻,false
201000785,201000247,白芝麻,true
201000830,201000247,白芝麻,true
201001472,201000247,白芝麻,true
201004548,201000247,白芝麻,true
201004659,201000247,白芝麻,true
201000853,201000853,白芷,false
201001949,201000853,白芷,true
201003061,201000853,白芷,true
201003596,201000853,白芷,true
201003050,201003050,白芸豆,false
201001946,201001946,白萝卜,false
201002603,201001946,白萝卜,true
201000188,201000188,白葡萄酒,false
201000399,201000188,白葡萄酒,true
201001470,201001470,白蔻,false
201003604,201001470,白蔻,true
201003684,201003684,白蘑菇,false
201005113,201005113,白豆腐,false
201002748,201002748,白酒,false
201001672,201001672,白酱油,false
201000294,201000294,白醋,false
201000809,201000294,白醋,true
201000846,201000294,白醋,true
201001506,201000294,白醋,true
201001989,201000294,白醋,true
201002912,201000294,白醋,true
201003084,201000294,白醋,true
201004682,201000294,白醋,true
201004759,201000294,白醋,true
201005730,201000294,白醋,true
201003258,201003258,白鱔,false
201002883,201002883,百里香,false
201001314,201001314,百香果,false
201003747,201003747,皮蛋,false
201005252,201003747,皮蛋,true
201005291,201003747,皮蛋,true
201000049,201000049,盐,false
201000079,201000049,盐,true
201000110,201000049,盐,true
201000140,201000049,盐,true
201000176,201000049,盐,true
201000212,201000049,盐,true
201000296,201000049,盐,true
201000326,201000049,盐,true
201000344,201000049,盐,true
201000436,201000049,盐,true
201000459,201000049,盐,true
201000484,201000049,盐,true
201000504,201000049,盐,true
201000521,201000049,盐,true
201000543,201000049,盐,true
201000555,201000049,盐,true
201000576,201000049,盐,true
201000599,201000049,盐,true
201000634,201000049,盐,true
201000665,201000049,盐,true
201000689,201000049,盐,true
201000736,201000049,盐,true
201000771,201000049,盐,true
201000844,201000049,盐,true
201000959,201000049,盐,true
201001021,201000049,盐,true
201001073,201000049,盐,true
201001446,201000049,盐,true
201001456,201000049,盐,true
201001489,201000049,盐,true
201001504,201000049,盐,true
201001558,201000049,盐,true
201001576,201000049,盐,true
201001595,201000049,盐,true
201001612,201000049,盐,true
201001637,201000049,盐,true
201001687,201000049,盐,true
201001711,201000049,盐,true
201001730,201000049,盐,true
201001799,201000049,盐,true
201001814,201000049,盐,true
201001986,201000049,盐,true
201002038,201000049,盐,true
201002059,201000049,盐,true
201002084,201000049,盐,true
201002128,201000049,盐,true
201002151,201000049,盐,true
201002190,201000049,盐,true
201002209,201000049,盐,true
201002236,201000049,盐,true
201002337,201000049,盐,true
201002422,201000049,盐,true
201002440,201000049,盐,true
201002469,201000049,盐,true
201002580,201000049,盐,true
201002616,201000049,盐,true
201002639,201000049,盐,true
201002657,201000049,盐,true
201002685,201000049,盐,true
201002847,201000049,盐,true
201002866,201000049,盐,true
201002902,201000049,盐,true
201002968,201000049,盐,true
201002990,201000049,盐,true
201003014,201000049,盐,true
201003035,201000049,盐,true
201003062,201000049,盐,true
201003087,201000049,盐,true
201003112,201000049,盐,true
201003130,201000049,盐,true
201003185,201000049,盐,true
201003237,201000049,盐,true
201003325,201000049,盐,true
201003362,201000049,盐,true
201003379,201000049,盐,true
201003400,201000049,盐,true
201003421,201000049,盐,true
201003449,201000049,盐,true
201003462,201000049,盐,true
201003514,201000049,盐,true
201003541,201000049,盐,true
201003634,201000049,盐,true
201003691,201000049,盐,true
201003709,201000049,盐,true
201003733,201000049,盐,true
201003756,201000049,盐,true
201003780,201000049,盐,true
201003806,201000049,盐,true
201003849,201000049,盐,true
201003907,201000049,盐,true
201004025,201000049,盐,true
201004048,201000049,盐,true
201004063,201000049,盐,true
201004080,201000049,盐,true
201004091,201000049,盐,true
201004119,201000049,盐,true
201004242,201000049,盐,true
201004289,201000049,盐,true
201004321,201000049,盐,true
201004346,201000049,盐,true
201004358,201000049,盐,true
201004388,201000049,盐,true
201004416,201000049,盐,true
201004433,201000049,盐,true
201004452,201000049,盐,true
201004488,201000049,盐,true
201004576,201000049,盐,true
201004658,201000049,盐,true
201004720,201000049,盐,true
201004752,201000049,盐,true
201004770,201000049,盐,true
201004836,201000049,盐,true
201004890,201000049,盐,true
201004907,201000049,盐,true
201004934,201000049,盐,true
201004946,201000049,盐,true
201004961,201000049,盐,true
201004977,201000049,盐,true
201005039,201000049,盐,true
201005059,201000049,盐,true
201005098,201000049,盐,true
201005116,201000049,盐,true
201005169,201000049,盐,true
201005185,201000049,盐,true
201005204,201000049,盐,true
201005231,201000049,盐,true
201005279,201000049,盐,true
201005297,201000049,盐,true
201005317,201000049,盐,true
201005335,201000049,盐,true
201005348,201000049,盐,true
201005390,201000049,盐,true
201005413,201000049,盐,true
201005457,201000049,盐,true
201005475,201000049,盐,true
201005486,201000049,盐,true
201005516,201000049,盐,true
201005600,201000049,盐,true
201005616,201000049,盐,true
201005658,201000049,盐,true
201005696,201000049,盐,true
201002536,201002536,盐巴,false
201002437,201002437,盐焗鸡粉,false
201003037,201003037,盐（和面用）,false
201003877,201003877,石斛,false
201004006,201003877,石斛,true
201004614,201004614,矿泉水,false
201003603,201003603,砂仁,false
201001200,201001200,砂糖,false
201002707,201001200,砂糖,true
201001853,201001853,碎牛肉,false
201003646,201003646,碎芝士,false
201004153,201004153,碱水面,false
201005597,201005597,空心菜,false
201003768,201003768,米,false
201004447,201003768,米,true
201004665,201003768,米,true
201004710,201004710,米粉,false
201004732,201004710,米粉,true
201000502,201000502,米酒,false
201002288,201000502,米酒,true
201003089,201003089,米醋,false
201004719,201003089,米醋,true
201002295,201002295,米饭,false
201004197,201002295,米饭,true
201004268,201002295,米饭,true
201004590,201002295,米饭,true
201004802,201002295,米饭,true
201003718,201003718,粉丝,false
201005345,201003718,粉丝,true
201002860,201002860,粘米粉,false
201004669,201004669,粟米,false
201001538,201001538,精盐,false
201001670,201001538,精盐,true
201000707,201000707,糍粑,false
201003279,201003279,糍粑辣椒,false
201003577,201003279,糍粑辣椒,true
201000050,201000050,糖,false
201000600,201000050,糖,true
201000845,201000050,糖,true
201000900,201000050,糖,true
201001037,201000050,糖,true
201001072,201000050,糖,true
201001099,201000050,糖,true
201001363,201000050,糖,true
201001638,201000050,糖,true
201001787,201000050,糖,true
201001837,201000050,糖,true
201001859,201000050,糖,true
201002441,201000050,糖,true
201003265,201000050,糖,true
201003423,201000050,糖,true
201003463,201000050,糖,true
201004206,201000050,糖,true
201004322,201000050,糖,true
201004389,201000050,糖,true
201004552,201000050,糖,true
201004681,201000050,糖,true
201004908,201000050,糖,true
201005186,201000050,糖,true
201005220,201000050,糖,true
201005298,201000050,糖,true
201005460,201000050,糖,true
201005517,201000050,糖,true
201004435,201004435,糖或糖浆,false
201001159,201001159,糖浆,false
201000588,201000588,糯米,false
201001371,201000588,糯米,true
201003821,201000588,糯米,true
201002859,201002859,糯米粉,false
201001052,201001052,糯米粉 a,false
201001053,201001053,糯米粉 b,false
201001050,201001050,紫薯粉,false
201005276,201005276,红尖椒,false
201000589,201000589,红枣,false
201003824,201000589,红枣,true
201003992,201000589,红枣,true
201001034,201001034,红柚果肉,false
201001432,201001432,红椒,false
201003269,201001432,红椒,true
201005199,201001432,红椒,true
201001765,201001765,红油豆瓣,false
201000043,201000043,红油豆瓣酱,false
201001762,201001762,红泡椒,false
201001295,201001295,红石榴糖浆,false
201000709,201000709,红糖,false
201003803,201003803,红肠,false
201003832,201003832,红腰豆,false
201003584,201003584,红花椒,false
201000677,201000677,红茶,false
201004450,201004450,红萝卜,false
201004796,201004450,红萝卜,true
201002283,201002283,红葱头,false
201004203,201004203,红葱油,false
201001622,201001622,红薯淀粉,false
201002014,201002014,红薯粉丝,false
201003823,201003823,红豆,false
201001668,201001668,红豆腐乳,false
201001390,201001390,红豆蔻,false
201002808,201002808,红辣椒,false
201002826,201002808,红辣椒,true
201001671,201001671,红酱油,false
201005714,201005714,纯净水,false
201005732,201005714,纯净水,true
201000630,201000630,纯干燕麦片,false
201002311,201002311,纯牛奶,false
201003575,201003575,纯猪油,false
201002921,201002921,纯瘦肉,false
201002862,201002862,细辣椒粉,false
201003829,201003829,绿豆,false
201000240,201000240,绿豆芽,false
201001756,201000240,绿豆芽,true
201003539,201000240,绿豆芽,true
201004099,201000240,绿豆芽,true
201001503,201001503,罐头菠萝片,false
201003664,201003664,罗勒碎,false
201003671,201003664,罗勒碎,true
201000320,201000320,罗氏虾,false
201003104,201000320,罗氏虾,true
201001945,201001945,羊排,false
201003659,201001945,羊排,true
201003960,201003960,羊肉,false
201002698,201002698,羊腩,false
201000105,201000105,美人椒,false
201002424,201002424,美人辣,false
201000425,201000425,翘嘴鱼,false
201001609,201001609,老姜,false
201003578,201001609,老姜,true
201004186,201004186,老干妈,false
201004797,201004186,老干妈,true
201000113,201000113,老抽,false
201000138,201000113,老抽,true
201000430,201000113,老抽,true
201000460,201000113,老抽,true
201000478,201000113,老抽,true
201000679,201000113,老抽,true
201001448,201000113,老抽,true
201001488,201000113,老抽,true
201001574,201000113,老抽,true
201001834,201000113,老抽,true
201001877,201000113,老抽,true
201001895,201000113,老抽,true
201001987,201000113,老抽,true
201002018,201000113,老抽,true
201002235,201000113,老抽,true
201002381,201000113,老抽,true
201002421,201000113,老抽,true
201002584,201000113,老抽,true
201002617,201000113,老抽,true
201002633,201000113,老抽,true
201002703,201000113,老抽,true
201002751,201000113,老抽,true
201002782,201000113,老抽,true
201002846,201000113,老抽,true
201002906,201000113,老抽,true
201002926,201000113,老抽,true
201002943,201000113,老抽,true
201002967,201000113,老抽,true
201002984,201000113,老抽,true
201003007,201000113,老抽,true
201003034,201000113,老抽,true
201003207,201000113,老抽,true
201003264,201000113,老抽,true
201003285,201000113,老抽,true
201003302,201000113,老抽,true
201003319,201000113,老抽,true
201003381,201000113,老抽,true
201003422,201000113,老抽,true
201003446,201000113,老抽,true
201003466,201000113,老抽,true
201003545,201000113,老抽,true
201004093,201000113,老抽,true
201004200,201000113,老抽,true
201004220,201000113,老抽,true
201004245,201000113,老抽,true
201004357,201000113,老抽,true
201004553,201000113,老抽,true
201004574,201000113,老抽,true
201004610,201000113,老抽,true
201004776,201000113,老抽,true
201005037,201000113,老抽,true
201005080,201000113,老抽,true
201005151,201000113,老抽,true
201005219,201000113,老抽,true
201005350,201000113,老抽,true
201005371,201000113,老抽,true
201005544,201000113,老抽,true
201002331,201002331,老抽酱油,false
201002465,201002331,老抽酱油,true
201000474,201000474,老豆腐,false
201005075,201000474,老豆腐,true
201004551,201004551,耗油,false
201004774,201004551,耗油,true
201005038,201004551,耗油,true
201005372,201004551,耗油,true
201001344,201001344,耙耙柑,false
201004531,201004531,肉,false
201005095,201004531,肉,true
201004136,201004136,肉丁/肉末,false
201003461,201003461,肉末,false
201004156,201003461,肉末,true
201003593,201003593,肉桂,false
201001991,201001991,肉桂皮,false
201004158,201004158,肉汤汁,false
201004386,201004386,肉沫,false
201004468,201004386,肉沫,true
201004043,201004043,肉类（牛羊鱼虾等）,false
201004199,201004199,肉馅,false
201002370,201002370,肋排,false
201004546,201004546,肥牛,false
201002315,201002315,肥牛卷,false
201004624,201004624,肥牛片,false
201004022,201004022,肥肉末,false
201000635,201000635,胡椒,false
201000778,201000778,胡椒粉,false
201001614,201000778,胡椒粉,true
201001749,201000778,胡椒粉,true
201001836,201000778,胡椒粉,true
201002184,201000778,胡椒粉,true
201002495,201000778,胡椒粉,true
201002537,201000778,胡椒粉,true
201002582,201000778,胡椒粉,true
201003109,201000778,胡椒粉,true
201003636,201000778,胡椒粉,true
201003710,201000778,胡椒粉,true
201003734,201000778,胡椒粉,true
201003757,201000778,胡椒粉,true
201003924,201000778,胡椒粉,true
201004049,201000778,胡椒粉,true
201004096,201000778,胡椒粉,true
201004162,201000778,胡椒粉,true
201004290,201000778,胡椒粉,true
201004359,201000778,胡椒粉,true
201004723,201000778,胡椒粉,true
201005459,201000778,胡椒粉,true
201001855,201001855,胡萝卜,false
201002075,201001855,胡萝卜,true
201002313,201001855,胡萝卜,true
201003081,201001855,胡萝卜,true
201003800,201001855,胡萝卜,true
201003942,201001855,胡萝卜,true
201004263,201001855,胡萝卜,true
201004287,201001855,胡萝卜,true
201004396,201001855,胡萝卜,true
201004484,201001855,胡萝卜,true
201004529,201001855,胡萝卜,true
201004807,201001855,胡萝卜,true
201004931,201001855,胡萝卜,true
201005346,201001855,胡萝卜,true
201003165,201003165,腊肠,false
201004448,201003165,腊肠,true
201002701,201002701,腐乳,false
201003573,201003573,色拉油,false
201001210,201001210,芒果,false
201000580,201000580,芝士片,false
201000723,201000580,芝士片,true
201000758,201000580,芝士片,true
201000281,201000281,芝麻,false
201000963,201000281,芝麻,true
201002497,201000281,芝麻,true
201002946,201000281,芝麻,true
201003148,201000281,芝麻,true
201003341,201000281,芝麻,true
201004811,201000281,芝麻,true
201005428,201000281,芝麻,true
201000030,201000030,芝麻油,false
201000542,201000030,芝麻油,true
201001540,201000030,芝麻油,true
201002473,201000030,芝麻油,true
201004812,201000030,芝麻油,true
201005698,201000030,芝麻油,true
201005439,201005439,芝麻粒,false
201003537,201003537,芝麻酱,false
201004160,201003537,芝麻酱,true
201004829,201003537,芝麻酱,true
201001940,201001940,芝麻香油,false
201004020,201001940,芝麻香油,true
201000322,201000322,芥末,false
201005322,201000322,芥末,true
201000167,201000167,花椒,false
201000208,201000167,花椒,true
201000851,201000167,花椒,true
201001445,201000167,花椒,true
201001948,201000167,花椒,true
201001993,201000167,花椒,true
201002259,201000167,花椒,true
201002378,201000167,花椒,true
201002474,201000167,花椒,true
201002662,201000167,花椒,true
201002739,201000167,花椒,true
201002910,201000167,花椒,true
201002991,201000167,花椒,true
201003030,201000167,花椒,true
201003201,201000167,花椒,true
201003286,201000167,花椒,true
201003322,201000167,花椒,true
201003378,201000167,花椒,true
201003489,201000167,花椒,true
201004241,201000167,花椒,true
201000788,201000788,花椒油,false
201002686,201000788,花椒油,true
201003066,201000788,花椒油,true
201004377,201000788,花椒油,true
201001617,201001617,花椒碎,false
201002589,201001617,花椒碎,true
201000781,201000781,花椒粉,false
201001657,201000781,花椒粉,true
201002268,201000781,花椒粉,true
201001618,201001618,花椒粒,false
201004532,201004532,花椰菜,false
201002260,201002260,花生,false
201003822,201002260,花生,true
201000031,201000031,花生油,false
201000831,201000031,花生油,true
201000840,201000031,花生油,true
201000964,201000031,花生油,true
201001444,201000031,花生油,true
201001593,201000031,花生油,true
201003515,201000031,花生油,true
201004417,201004417,花生碎,false
201004372,201004372,花生酱,false
201004975,201004975,花菜,false
201005384,201004975,花菜,true
201002747,201002747,花雕酒,false
201001758,201001758,芹菜,false
201001856,201001758,芹菜,true
201002513,201001758,芹菜,true
201004234,201001758,芹菜,true
201005559,201001758,芹菜,true
201000237,201000237,芹菜段,false
201001317,201001317,苏打气泡水,false
201001417,201001317,苏打气泡水,true
201001163,201001163,苏打水,false
201001297,201001163,苏打水,true
201001360,201001163,苏打水,true
201003904,201003904,苦瓜,false
201001261,201001261,苹果,false
201003460,201003460,茄子,false
201004736,201003460,茄子,true
201004899,201003460,茄子,true
201005002,201003460,茄子,true
201005093,201003460,茄子,true
201005147,201003460,茄子,true
201005493,201003460,茄子,true
201001505,201001505,茄汁,false
201001345,201001345,茉莉绿茶,false
201001316,201001316,茉莉绿茶茶叶,false
201003122,201003122,茭白,false
201000675,201000675,茴香,false
201001284,201001284,茶粉,false
201000848,201000848,草寇,false
201001438,201001438,草果,false
201003592,201001438,草果,true
201000867,201000867,草莓,false
201001086,201000867,草莓,true
201000224,201000224,草鱼,false
201000883,201000883,荔浦芋头,false
201001049,201000883,荔浦芋头,true
201003597,201003597,荜拨,false
201004794,201004794,荞麦面,false
201003164,201003164,荷兰豆,false
201003828,201003828,莲子,false
201005369,201005369,莲藕,false
201002462,201002462,莴笋,false
201005330,201002462,莴笋,true
201005574,201005574,莴笋叶,false
201003979,201003979,菌菇,false
201002651,201002651,菜椒,false
201003510,201002651,菜椒,true
201005631,201002651,菜椒,true
201004141,201004141,菜码（黄瓜、白菜、萝卜等）,false
201000046,201000046,菜籽油,false
201001710,201000046,菜籽油,true
201001755,201000046,菜籽油,true
201003284,201000046,菜籽油,true
201003574,201000046,菜籽油,true
201004627,201000046,菜籽油,true
201005347,201000046,菜籽油,true
201005007,201005007,菜籽油或花生油,false
201005584,201005584,菠菜,false
201001262,201001262,菠菜叶,false
201001358,201001358,菠萝汁,false
201005331,201005331,萝卜,false
201004159,201004159,萝卜干,false
201003836,201003836,葡萄干,false
201001211,201001211,葡萄柚,false
201000062,201000062,葱,false
201000085,201000062,葱,true
201000169,201000062,葱,true
201000209,201000062,葱,true
201000274,201000062,葱,true
201000427,201000062,葱,true
201000476,201000062,葱,true
201000817,201000062,葱,true
201000886,201000062,葱,true
201001529,201000062,葱,true
201001559,201000062,葱,true
201001577,201000062,葱,true
201001633,201000062,葱,true
201001678,201000062,葱,true
201001996,201000062,葱,true
201002086,201000062,葱,true
201002439,201000062,葱,true
201002637,201000062,葱,true
201002907,201000062,葱,true
201002962,201000062,葱,true
201002992,201000062,葱,true
201003015,201000062,葱,true
201003058,201000062,葱,true
201003198,201000062,葱,true
201003262,201000062,葱,true
201003318,201000062,葱,true
201003345,201000062,葱,true
201003359,201000062,葱,true
201003416,201000062,葱,true
201003442,201000062,葱,true
201003730,201000062,葱,true
201003850,201000062,葱,true
201004024,201000062,葱,true
201004139,201000062,葱,true
201004204,201000062,葱,true
201004325,201000062,葱,true
201004486,201000062,葱,true
201004547,201000062,葱,true
201004579,201000062,葱,true
201004778,201000062,葱,true
201004902,201000062,葱,true
201005034,201000062,葱,true
201005114,201000062,葱,true
201005201,201000062,葱,true
201005235,201000062,葱,true
201005254,201000062,葱,true
201005294,201000062,葱,true
201005352,201000062,葱,true
201005476,201000062,葱,true
201005695,201000062,葱,true
201001654,201001654,葱头,false
201002189,201002189,葱姜末,false
201001732,201001732,葱姜水,false
201003711,201003711,葱姜花椒水,false
201001648,201001648,葱姜蒜,false
201003228,201003228,葱段,false
201001708,201001708,葱结,false
201002606,201001708,葱结,true
201000618,201000618,葱花,false
201002183,201000618,葱花,true
201002544,201000618,葱花,true
201003057,201000618,葱花,true
201003230,201000618,葱花,true
201003783,201000618,葱花,true
201005187,201000618,葱花,true
201000063,201000063,蒜,false
201000171,201000063,蒜,true
201000277,201000063,蒜,true
201000329,201000063,蒜,true
201000428,201000063,蒜,true
201000456,201000063,蒜,true
201000477,201000063,蒜,true
201001461,201000063,蒜,true
201001578,201000063,蒜,true
201001635,201000063,蒜,true
201001690,201000063,蒜,true
201001813,201000063,蒜,true
201001998,201000063,蒜,true
201002087,201000063,蒜,true
201002152,201000063,蒜,true
201002263,201000063,蒜,true
201002736,201000063,蒜,true
201002807,201000063,蒜,true
201002993,201000063,蒜,true
201003063,201000063,蒜,true
201003080,201000063,蒜,true
201003105,201000063,蒜,true
201003128,201000063,蒜,true
201003248,201000063,蒜,true
201003306,201000063,蒜,true
201003361,201000063,蒜,true
201003417,201000063,蒜,true
201003441,201000063,蒜,true
201003472,201000063,蒜,true
201003732,201000063,蒜,true
201003852,201000063,蒜,true
201004140,201000063,蒜,true
201004324,201000063,蒜,true
201004581,201000063,蒜,true
201004780,201000063,蒜,true
201004835,201000063,蒜,true
201004889,201000063,蒜,true
201004904,201000063,蒜,true
201004960,201000063,蒜,true
201005035,201000063,蒜,true
201005099,201000063,蒜,true
201005216,201000063,蒜,true
201005237,201000063,蒜,true
201005255,201000063,蒜,true
201005296,201000063,蒜,true
201003178,201003178,蒜仔,false
201000829,201000829,蒜头,false
201000842,201000829,蒜头,true
201001783,201000829,蒜头,true
201002333,201000829,蒜头,true
201002635,201000829,蒜头,true
201003260,201000829,蒜头,true
201003344,201000829,蒜头,true
201004393,201000829,蒜头,true
201004530,201000829,蒜头,true
201005334,201000829,蒜头,true
201005411,201000829,蒜头,true
201001899,201001899,蒜末,false
201002020,201001899,蒜末,true
201002785,201001899,蒜末,true
201003054,201001899,蒜末,true
201004157,201004157,蒜水,false
201001674,201001674,蒜片,false
201002165,201001674,蒜片,true
201000076,201000076,蒜瓣,false
201000104,201000076,蒜瓣,true
201000132,201000076,蒜瓣,true
201001703,201000076,蒜瓣,true
201001854,201000076,蒜瓣,true
201001969,201000076,蒜瓣,true
201002579,201000076,蒜瓣,true
201002605,201000076,蒜瓣,true
201002712,201000076,蒜瓣,true
201004101,201000076,蒜瓣,true
201005315,201000076,蒜瓣,true
201005353,201000076,蒜瓣,true
201005389,201000076,蒜瓣,true
201001835,201001835,蒜粉,false
201002561,201001835,蒜粉,true
201001646,201001646,蒜苔,false
201001966,201001646,蒜苔,true
201001436,201001436,蒜苗,false
201001759,201001436,蒜苗,true
201002355,201001436,蒜苗,true
201002488,201001436,蒜苗,true
201002923,201001436,蒜苗,true
201003280,201001436,蒜苗,true
201005412,201001436,蒜苗,true
201001507,201001507,蒜蓉,false
201001714,201001507,蒜蓉,true
201005497,201001507,蒜蓉,true
201000388,201000388,蒜蓉酱,false
201003661,201000388,蒜蓉酱,true
201004571,201004571,蒜薹,false
201001893,201001893,蒸肉米粉,false
201002861,201002861,蒸肉粉,false
201000262,201000262,蒸鱼豉油,false
201000345,201000262,蒸鱼豉油,true
201001150,201001150,蓝天原味伏特加,false
201001161,201001150,蓝天原味伏特加,true
201001299,201001299,蓝橙力娇酒,false
201000901,201000901,蓝莓,false
201001347,201001347,蔗糖糖浆,false
201001419,201001347,蔗糖糖浆,true
201000042,201000042,蔬菜（土豆片/豆芽/花菜/生菜等）,false
201000632,201000632,蔬菜（菠菜等）,false
201004317,201004317,蕨根粉,false
201001158,201001158,薄荷叶,false
201001321,201001158,薄荷叶,true
201001251,201001251,薄荷汁,false
201001252,201001252,薄荷粉,false
201003825,201003825,薏米,false
201000045,201000045,藤椒油,false
201002541,201000045,藤椒油,true
201005731,201000045,藤椒油,true
201004806,201004806,蘑菇,false
201000833,201000833,蘸料碟,false
201000273,201000273,虾,false
201003785,201003785,虾仁,false
201004343,201003785,虾仁,true
201003786,201003786,虾皮,false
201003905,201003786,虾皮,true
201005004,201003786,虾皮,true
201005694,201003786,虾皮,true
201000084,201000084,蚝油,false
201000139,201000084,蚝油,true
201000283,201000084,蚝油,true
201000325,201000084,蚝油,true
201000369,201000084,蚝油,true
201000789,201000084,蚝油,true
201001458,201000084,蚝油,true
201001597,201000084,蚝油,true
201001840,201000084,蚝油,true
201001924,201000084,蚝油,true
201002040,201000084,蚝油,true
201002228,201000084,蚝油,true
201002382,201000084,蚝油,true
201002613,201000084,蚝油,true
201002632,201000084,蚝油,true
201002659,201000084,蚝油,true
201002682,201000084,蚝油,true
201002750,201000084,蚝油,true
201002809,201000084,蚝油,true
201002942,201000084,蚝油,true
201003111,201000084,蚝油,true
201003304,201000084,蚝油,true
201003382,201000084,蚝油,true
201003443,201000084,蚝油,true
201003543,201000084,蚝油,true
201003755,201000084,蚝油,true
201004026,201000084,蚝油,true
201004575,201000084,蚝油,true
201004754,201000084,蚝油,true
201004832,201000084,蚝油,true
201004892,201000084,蚝油,true
201004947,201000084,蚝油,true
201004965,201000084,蚝油,true
201005079,201000084,蚝油,true
201005133,201000084,蚝油,true
201005166,201000084,蚝油,true
201005218,201000084,蚝油,true
201005234,201000084,蚝油,true
201005300,201000084,蚝油,true
201005351,201000084,蚝油,true
201005515,201000084,蚝油,true
201005548,201000084,蚝油,true
201005561,201000084,蚝油,true
201005640,201000084,蚝油,true
201003645,201003645,蛋挞液,false
201001000,201001000,蛋挞皮,false
201003644,201001000,蛋挞皮,true
201000965,201000965,蛋液,false
201002080,201002080,蛋清,false
201004044,201004044,蛋类（鸡蛋鸭蛋等）,false
201000721,201000721,蛋黄酱,false
201000735,201000721,蛋黄酱,true
201000412,201000412,蛏子,false
201000961,201000961,蜂蜜,false
201001320,201000961,蜂蜜,true
201001532,201000961,蜂蜜,true
201005148,201000961,蜂蜜,true
201002558,201002558,螺丝椒,false
201005230,201002558,螺丝椒,true
201003152,201003152,蟹味菇,false
201005628,201003152,蟹味菇,true
201001699,201001699,血肠,false
201001198,201001198,袋泡红茶,false
201004307,201004307,袋装螺蛳粉,false
201005130,201005130,西兰花,false
201003876,201003876,西洋参,false
201004005,201003876,西洋参,true
201003210,201003210,西红柿,false
201003225,201003210,西红柿,true
201003845,201003210,西红柿,true
201004748,201003210,西红柿,true
201005053,201003210,西红柿,true
201005182,201003210,西红柿,true
201005229,201003210,西红柿,true
201005529,201003210,西红柿,true
201005654,201003210,西红柿,true
201005672,201003210,西红柿,true
201004808,201004808,西葫芦,false
201005670,201004808,西葫芦,true
201005642,201005642,西蓝花,false
201005686,201005686,话梅,false
201004438,201004438,谷朊粉,false
201004045,201004045,豆制品（豆腐皮等）,false
201003373,201003373,豆干,false
201003583,201003583,豆母子,false
201000242,201000242,豆瓣酱,false
201000432,201000242,豆瓣酱,true
201001573,201000242,豆瓣酱,true
201001599,201000242,豆瓣酱,true
201002088,201000242,豆瓣酱,true
201002166,201000242,豆瓣酱,true
201002227,201000242,豆瓣酱,true
201002342,201000242,豆瓣酱,true
201002357,201000242,豆瓣酱,true
201002475,201000242,豆瓣酱,true
201002802,201000242,豆瓣酱,true
201003287,201000242,豆瓣酱,true
201003405,201000242,豆瓣酱,true
201003469,201000242,豆瓣酱,true
201004143,201000242,豆瓣酱,true
201004608,201000242,豆瓣酱,true
201004905,201000242,豆瓣酱,true
201003013,201003013,豆皮,false
201003918,201003918,豆腐,false
201004842,201003918,豆腐,true
201005656,201003918,豆腐,true
201002799,201002799,豆芽,false
201004805,201002799,豆芽,true
201001992,201001992,豆蔻,false
201004769,201004769,豆角,false
201005032,201004769,豆角,true
201005227,201004769,豆角,true
201000044,201000044,豆豉,false
201001572,201000044,豆豉,true
201002044,201000044,豆豉,true
201003259,201000044,豆豉,true
201004714,201000044,豆豉,true
201003831,201003831,豌豆,false
201004408,201004408,豌豆淀粉,false
201001124,201001124,赤藓糖醇,false
201003180,201003180,辣椒,false
201003377,201003180,辣椒,true
201005386,201003180,辣椒,true
201001712,201001712,辣椒油,false
201002704,201001712,辣椒油,true
201003548,201001712,辣椒油,true
201004161,201001712,辣椒油,true
201004375,201001712,辣椒油,true
201004849,201001712,辣椒油,true
201004871,201001712,辣椒油,true
201001839,201001839,辣椒粉,false
201002258,201001839,辣椒粉,true
201004122,201001839,辣椒粉,true
201004411,201001839,辣椒粉,true
201003447,201003447,辣椒面,false
201002392,201002392,通心粉,false
201000614,201000614,速冻水饺,false
201003619,201000614,速冻水饺,true
201003677,201003677,速冻汤圆,false
201003632,201003632,速冻馄饨,false
201002587,201002587,郫县红油豆瓣酱,false
201000172,201000172,郫县豆瓣,false
201003576,201000172,郫县豆瓣,true
201000464,201000464,郫县豆瓣酱,false
201001897,201000464,郫县豆瓣酱,true
201002016,201000464,郫县豆瓣酱,true
201002535,201000464,郫县豆瓣酱,true
201002745,201000464,郫县豆瓣酱,true
201003288,201003288,酒糟,false
201000029,201000029,酱油,false
201000065,201000029,酱油,true
201000082,201000029,酱油,true
201000280,201000029,酱油,true
201000832,201000029,酱油,true
201001536,201000029,酱油,true
201001636,201000029,酱油,true
201001786,201000029,酱油,true
201001801,201000029,酱油,true
201002043,201000029,酱油,true
201002132,201000029,酱油,true
201002167,201000029,酱油,true
201002518,201000029,酱油,true
201002614,201000029,酱油,true
201003206,201000029,酱油,true
201003363,201000029,酱油,true
201003399,201000029,酱油,true
201003491,201000029,酱油,true
201003754,201000029,酱油,true
201004062,201000029,酱油,true
201004163,201000029,酱油,true
201004187,201000029,酱油,true
201004318,201000029,酱油,true
201004391,201000029,酱油,true
201004412,201000029,酱油,true
201004550,201000029,酱油,true
201004680,201000029,酱油,true
201004753,201000029,酱油,true
201004830,201000029,酱油,true
201004888,201000029,酱油,true
201005006,201000029,酱油,true
201005060,201000029,酱油,true
201005097,201000029,酱油,true
201005456,201000029,酱油,true
201005495,201000029,酱油,true
201005697,201000029,酱油,true
201000956,201000956,酵母,false
201004653,201004653,酵母粉,false
201001222,201001222,酸梅晶固体饮料,false
201004712,201004712,酸笋,false
201001700,201001700,酸菜,false
201004155,201004155,酸豆角,false
201000081,201000081,醋,false
201001533,201000081,醋,true
201001918,201000081,醋,true
201002082,201000081,醋,true
201002266,201000081,醋,true
201003467,201000081,醋,true
201003949,201000081,醋,true
201004202,201000081,醋,true
201004376,201000081,醋,true
201004413,201000081,醋,true
201004831,201000081,醋,true
201004847,201000081,醋,true
201004868,201000081,醋,true
201004887,201000081,醋,true
201005320,201000081,醋,true
201004333,201004333,醪糟,false
201001917,201001917,里脊肉,false
201002074,201001917,里脊肉,true
201001090,201001090,重奶油,false
201002515,201002515,野山椒,false
201002532,201002515,野山椒,true
201001160,201001160,金色朗姆酒,false
201004670,201004670,金菇,false
201001231,201001231,金酒,false
201001399,201001231,金酒,true
201001416,201001231,金酒,true
201003863,201003863,金针菇,false
201004864,201003863,金针菇,true
201005213,201003863,金针菇,true
201005293,201003863,金针菇,true
201003990,201003990,银耳,false
201005558,201005558,闽星茶树菇,false
201000185,201000185,阿根廷红虾,false
201001389,201001389,陈皮,false
201003601,201001389,陈皮,true
201003875,201001389,陈皮,true
201004004,201001389,陈皮,true
201000114,201000114,陈醋,false
201000136,201000114,陈醋,true
201000441,201000114,陈醋,true
201001656,201000114,陈醋,true
201005203,201000114,陈醋,true
201005259,201000114,陈醋,true
201004810,201004810,雪碧,false
201001157,201001157,青柠,false
201000438,201000438,青椒,false
201001431,201000438,青椒,true
201001502,201000438,青椒,true
201001552,201000438,青椒,true
201002036,201000438,青椒,true
201002058,201000438,青椒,true
201002076,201000438,青椒,true
201002125,201000438,青椒,true
201002164,201000438,青椒,true
201002578,201000438,青椒,true
201003027,201000438,青椒,true
201003356,201000438,青椒,true
201004239,201000438,青椒,true
201004750,201000438,青椒,true
201005198,201000438,青椒,true
201005253,201000438,青椒,true
201005610,201000438,青椒,true
201002354,201002354,青红椒,false
201002533,201002533,青红辣椒,false
201003106,201003106,青芥末,false
201000166,201000166,青花椒,false
201000234,201000166,青花椒,true
201001465,201000166,青花椒,true
201001763,201000166,青花椒,true
201005050,201005050,青茄子,false
201004065,201004065,青菜,false
201004451,201004065,青菜,true
201005020,201004065,青菜,true
201002104,201002104,青菜（油菜、油麦菜、菠菜）,false
201004046,201004046,青菜（生菜菠菜等）,false
201000025,201000025,青葱（葱白）,false
201000026,201000026,青葱（葱绿）,false
201000002,201000002,青蟹,false
201004267,201004267,青豆,false
201004483,201004267,青豆,true
201005051,201005051,青辣椒,false
201005096,201005051,青辣椒,true
201005115,201005051,青辣椒,true
201004185,201004185,面,false
201000656,201000656,面包片,false
201000982,201000982,面包糠,false
201003536,201003536,面筋,false
201004098,201004098,面筋块,false
201000301,201000301,面粉,false
201000552,201000301,面粉,true
201000769,201000301,面粉,true
201001033,201000301,面粉,true
201001621,201000301,面粉,true
201001733,201000301,面粉,true
201002398,201000301,面粉,true
201003687,201000301,面粉,true
201004018,201000301,面粉,true
201004347,201000301,面粉,true
201004385,201000301,面粉,true
201004637,201000301,面粉,true
201004652,201000301,面粉,true
201005057,201000301,面粉,true
201004041,201004041,面食,false
201004809,201004809,韩式辣酱,false
201004030,201004030,韭菜,false
201004342,201004030,韭菜,true
201003585,201003585,颗粒香料,false
201004392,201004392,风味调料,false
300000000,300000000,食材,false
201001984,201001984,食用植物油,false
201000009,201000009,食用油,false
201000226,201000009,食用油,true
201000261,201000009,食用油,true
201000278,201000009,食用油,true
201000368,201000009,食用油,true
201000389,201000009,食用油,true
201000414,201000009,食用油,true
201000437,201000009,食用油,true
201000454,201000009,食用油,true
201000487,201000009,食用油,true
201000500,201000009,食用油,true
201000575,201000009,食用油,true
201000615,201000009,食用油,true
201000710,201000009,食用油,true
201000926,201000009,食用油,true
201000985,201000009,食用油,true
201001460,201000009,食用油,true
201001579,201000009,食用油,true
201001647,201000009,食用油,true
201001784,201000009,食用油,true
201001879,201000009,食用油,true
201001968,201000009,食用油,true
201002019,201000009,食用油,true
201002045,201000009,食用油,true
201002090,201000009,食用油,true
201002110,201000009,食用油,true
201002149,201000009,食用油,true
201002257,201000009,食用油,true
201002286,201000009,食用油,true
201002317,201000009,食用油,true
201002343,201000009,食用油,true
201002417,201000009,食用油,true
201002498,201000009,食用油,true
201002517,201000009,食用油,true
201002543,201000009,食用油,true
201002564,201000009,食用油,true
201002590,201000009,食用油,true
201002630,201000009,食用油,true
201002780,201000009,食用油,true
201002828,201000009,食用油,true
201002839,201000009,食用油,true
201002867,201000009,食用油,true
201002928,201000009,食用油,true
201002940,201000009,食用油,true
201002959,201000009,食用油,true
201003093,201000009,食用油,true
201003115,201000009,食用油,true
201003125,201000009,食用油,true
201003142,201000009,食用油,true
201003166,201000009,食用油,true
201003187,201000009,食用油,true
201003227,201000009,食用油,true
201003251,201000009,食用油,true
201003300,201000009,食用油,true
201003339,201000009,食用油,true
201003364,201000009,食用油,true
201003383,201000009,食用油,true
201003398,201000009,食用油,true
201003492,201000009,食用油,true
201003758,201000009,食用油,true
201003853,201000009,食用油,true
201003891,201000009,食用油,true
201003921,201000009,食用油,true
201003946,201000009,食用油,true
201003961,201000009,食用油,true
201004061,201000009,食用油,true
201004081,201000009,食用油,true
201004104,201000009,食用油,true
201004142,201000009,食用油,true
201004218,201000009,食用油,true
201004247,201000009,食用油,true
201004270,201000009,食用油,true
201004471,201000009,食用油,true
201004572,201000009,食用油,true
201004596,201000009,食用油,true
201004656,201000009,食用油,true
201004737,201000009,食用油,true
201004757,201000009,食用油,true
201004771,201000009,食用油,true
201004910,201000009,食用油,true
201004932,201000009,食用油,true
201004945,201000009,食用油,true
201004962,201000009,食用油,true
201004978,201000009,食用油,true
201005021,201000009,食用油,true
201005061,201000009,食用油,true
201005083,201000009,食用油,true
201005100,201000009,食用油,true
201005118,201000009,食用油,true
201005135,201000009,食用油,true
201005171,201000009,食用油,true
201005184,201000009,食用油,true
201005205,201000009,食用油,true
201005221,201000009,食用油,true
201005239,201000009,食用油,true
201005257,201000009,食用油,true
201005277,201000009,食用油,true
201005336,201000009,食用油,true
201005373,201000009,食用油,true
201005405,201000009,食用油,true
201005424,201000009,食用油,true
201005455,201000009,食用油,true
201005474,201000009,食用油,true
201005484,201000009,食用油,true
201005494,201000009,食用油,true
201005513,201000009,食用油,true
201005540,201000009,食用油,true
201005576,201000009,食用油,true
201005586,201000009,食用油,true
201005599,201000009,食用油,true
201005632,201000009,食用油,true
201005657,201000009,食用油,true
201005673,201000009,食用油,true
201005712,201000009,食用油,true
201000228,201000228,食用盐,false
201000264,201000228,食用盐,true
201000711,201000228,食用盐,true
201001748,201000228,食用盐,true
201001876,201000228,食用盐,true
201001953,201000228,食用盐,true
201002492,201000228,食用盐,true
201002786,201000228,食用盐,true
201002927,201000228,食用盐,true
201003892,201000228,食用盐,true
201003923,201000228,食用盐,true
201003950,201000228,食用盐,true
201003966,201000228,食用盐,true
201003983,201000228,食用盐,true
201004510,201000228,食用盐,true
201005499,201000228,食用盐,true
201005563,201000228,食用盐,true
201005587,201000228,食用盐,true
201005633,201000228,食用盐,true
201005674,201000228,食用盐,true
201005687,201000228,食用盐,true
201005711,201000228,食用盐,true
201005727,201000228,食用盐,true
201000680,201000680,食盐,false
201000780,201000680,食盐,true
201001089,201000680,食盐,true
201001650,201000680,食盐,true
201001860,201000680,食盐,true
201001927,201000680,食盐,true
201001971,201000680,食盐,true
201003490,201000680,食盐,true
201003865,201000680,食盐,true
201003880,201000680,食盐,true
201004009,201000680,食盐,true
201004164,201000680,食盐,true
201004611,201000680,食盐,true
201004628,201000680,食盐,true
201004738,201000680,食盐,true
201005022,201000680,食盐,true
201000061,201000061,饮用水,false
201000541,201000061,饮用水,true
201001221,201000061,饮用水,true
201001259,201000061,饮用水,true
201003746,201000061,饮用水,true
201003819,201000061,饮用水,true
201004979,201000061,饮用水,true
201004993,201000061,饮用水,true
201005023,201000061,饮用水,true
201005136,201000061,饮用水,true
201001113,201001113,饼干,false
201000562,201000562,饼干屑,false
201004118,201004118,馒头,false
201000163,201000163,香叶,false
201000233,201000163,香叶,true
201000486,201000163,香叶,true
201000673,201000163,香叶,true
201000852,201000163,香叶,true
201001441,201000163,香叶,true
201001468,201000163,香叶,true
201001706,201000163,香叶,true
201001990,201000163,香叶,true
201002290,201000163,香叶,true
201002310,201000163,香叶,true
201002341,201000163,香叶,true
201002610,201000163,香叶,true
201002663,201000163,香叶,true
201002713,201000163,香叶,true
201002738,201000163,香叶,true
201002840,201000163,香叶,true
201002960,201000163,香叶,true
201002988,201000163,香叶,true
201003010,201000163,香叶,true
201003203,201000163,香叶,true
201003281,201000163,香叶,true
201003316,201000163,香叶,true
201003437,201000163,香叶,true
201003605,201000163,香叶,true
201002057,201002057,香干,false
201002664,201002664,香果,false
201003599,201002664,香果,true
201000786,201000786,香油,false
201001709,201000786,香油,true
201003424,201000786,香油,true
201003546,201000786,香油,true
201003623,201000786,香油,true
201003637,201000786,香油,true
201003720,201000786,香油,true
201003784,201000786,香油,true
201003847,201000786,香油,true
201003867,201000786,香油,true
201003935,201000786,香油,true
201004027,201000786,香油,true
201004050,201000786,香油,true
201004345,201000786,香油,true
201004758,201000786,香油,true
201004834,201000786,香油,true
201004846,201000786,香油,true
201004870,201000786,香油,true
201004891,201000786,香油,true
201005261,201000786,香油,true
201005321,201000786,香油,true
201005560,201000786,香油,true
201005728,201000786,香油,true
201003374,201003374,香芹,false
201003602,201003602,香茅,false
201003598,201003598,香草,false
201001088,201001088,香草精,false
201004439,201001088,香草精,true
201002124,201002124,香菇,false
201002710,201002124,香菇,true
201000086,201000086,香菜,false
201000106,201000086,香菜,true
201000190,201000086,香菜,true
201000248,201000086,香菜,true
201000300,201000086,香菜,true
201000328,201000086,香菜,true
201000429,201000086,香菜,true
201000821,201000086,香菜,true
201002269,201000086,香菜,true
201002516,201000086,香菜,true
201002687,201000086,香菜,true
201002801,201000086,香菜,true
201003082,201000086,香菜,true
201003638,201000086,香菜,true
201003721,201000086,香菜,true
201003751,201000086,香菜,true
201003968,201000086,香菜,true
201004418,201000086,香菜,true
201005238,201005238,香菜碎,false
201000259,201000259,香葱,false
201000747,201000259,香葱,true
201003179,201000259,香葱,true
201003890,201000259,香葱,true
201003919,201000259,香葱,true
201003944,201000259,香葱,true
201004291,201000259,香葱,true
201004455,201000259,香葱,true
201004607,201000259,香葱,true
201005005,201000259,香葱,true
201005546,201000259,香葱,true
201005638,201000259,香葱,true
201005661,201000259,香葱,true
201000563,201000563,香蕉,false
201003488,201003488,香辣酱,false
201000282,201000282,香醋,false
201002207,201000282,香醋,true
201002466,201000282,香醋,true
201002948,201000282,香醋,true
201003065,201000282,香醋,true
201003150,201000282,香醋,true
201003343,201000282,香醋,true
201003547,201000282,香醋,true
201004319,201000282,香醋,true
201004963,201000282,香醋,true
201005408,201000282,香醋,true
201005615,201000282,香醋,true
201000936,201000936,马斯卡彭芝士,false
201003798,201003798,马铃薯,false
201003181,201003181,高度白酒,false
201000954,201000954,高筋面粉,false
201004430,201000954,高筋面粉,true
201001126,201001126,魔芋粉,false
201000101,201000101,鱼头,false
201003340,201003340,鱼露,false
201000258,201000258,鲈鱼,false
201003175,201003175,鲜仔鸭肉,false
201000497,201000497,鲜虾,false
201004235,201004235,鲜面条,false
201004767,201004235,鲜面条,true
201003151,201003151,鲜香菇,false
201003889,201003151,鲜香菇,true
201005627,201003151,鲜香菇,true
201003176,201003176,鲜鸭血,false
201004823,201004823,鲣鱼海苔碎,false
201000128,201000128,鲤鱼,false
201000291,201000128,鲤鱼,true
201000457,201000128,鲤鱼,true
201000074,201000074,鲫鱼,false
201000473,201000473,鳊鱼,false
201002822,201002822,鳜鱼,false
201002256,201002256,鸡,false
201002416,201002256,鸡,true
201001832,201001832,鸡全翅,false
201001539,201001539,鸡汤,false
201002674,201002674,鸡爪,false
201003436,201002674,鸡爪,true
201003719,201003719,鸡粉,false
201000111,201000111,鸡精,false
201000418,201000111,鸡精,true
201000439,201000111,鸡精,true
201000782,201000111,鸡精,true
201001600,201000111,鸡精,true
201001616,201000111,鸡精,true
201001658,201000111,鸡精,true
201001766,201000111,鸡精,true
201001875,201000111,鸡精,true
201002063,201000111,鸡精,true
201002338,201000111,鸡精,true
201002470,201000111,鸡精,true
201002493,201000111,鸡精,true
201002581,201000111,鸡精,true
201002787,201000111,鸡精,true
201002904,201000111,鸡精,true
201002944,201000111,鸡精,true
201003055,201000111,鸡精,true
201003126,201000111,鸡精,true
201003146,201000111,鸡精,true
201003186,201000111,鸡精,true
201003380,201000111,鸡精,true
201003450,201000111,鸡精,true
201003542,201000111,鸡精,true
201003635,201000111,鸡精,true
201003893,201000111,鸡精,true
201004165,201000111,鸡精,true
201004415,201000111,鸡精,true
201004577,201000111,鸡精,true
201004755,201000111,鸡精,true
201004772,201000111,鸡精,true
201005117,201000111,鸡精,true
201005409,201000111,鸡精,true
201005458,201000111,鸡精,true
201005545,201000111,鸡精,true
201005579,201000111,鸡精,true
201005637,201000111,鸡精,true
201005660,201000111,鸡精,true
201001484,201001484,鸡翅中,false
201001798,201001484,鸡翅中,true
201003670,201001484,鸡翅中,true
201004679,201004679,鸡肉,false
201002204,201002204,鸡胸肉,false
201004265,201002204,鸡胸肉,true
201002456,201002456,鸡胸脯肉,false
201002123,201002123,鸡腿,false
201002435,201002123,鸡腿,true
201002436,201002123,鸡腿,true
201001686,201001686,鸡腿肉,false
201002576,201001686,鸡腿肉,true
201002648,201001686,鸡腿肉,true
201000006,201000006,鸡蛋,false
201000302,201000006,鸡蛋,true
201000413,201000006,鸡蛋,true
201000520,201000006,鸡蛋,true
201000540,201000006,鸡蛋,true
201000551,201000006,鸡蛋,true
201000577,201000006,鸡蛋,true
201000606,201000006,鸡蛋,true
201000629,201000006,鸡蛋,true
201000647,201000006,鸡蛋,true
201000662,201000006,鸡蛋,true
201000671,201000006,鸡蛋,true
201000688,201000006,鸡蛋,true
201000708,201000006,鸡蛋,true
201000731,201000006,鸡蛋,true
201000745,201000006,鸡蛋,true
201000756,201000006,鸡蛋,true
201000923,201000006,鸡蛋,true
201000957,201000006,鸡蛋,true
201000983,201000006,鸡蛋,true
201001001,201000006,鸡蛋,true
201001032,201000006,鸡蛋,true
201001075,201000006,鸡蛋,true
201001123,201000006,鸡蛋,true
201001620,201000006,鸡蛋,true
201001651,201000006,鸡蛋,true
201001729,201000006,鸡蛋,true
201001921,201000006,鸡蛋,true
201001936,201000006,鸡蛋,true
201002171,201000006,鸡蛋,true
201002182,201000006,鸡蛋,true
201002285,201000006,鸡蛋,true
201002800,201000006,鸡蛋,true
201003141,201000006,鸡蛋,true
201003729,201000006,鸡蛋,true
201003779,201000006,鸡蛋,true
201003846,201000006,鸡蛋,true
201003864,201000006,鸡蛋,true
201003932,201000006,鸡蛋,true
201004029,201000006,鸡蛋,true
201004064,201000006,鸡蛋,true
201004078,201000006,鸡蛋,true
201004100,201000006,鸡蛋,true
201004125,201000006,鸡蛋,true
201004175,201000006,鸡蛋,true
201004198,201000006,鸡蛋,true
201004261,201000006,鸡蛋,true
201004284,201000006,鸡蛋,true
201004344,201000006,鸡蛋,true
201004395,201000006,鸡蛋,true
201004434,201000006,鸡蛋,true
201004449,201000006,鸡蛋,true
201004480,201000006,鸡蛋,true
201004684,201000006,鸡蛋,true
201004734,201000006,鸡蛋,true
201004749,201000006,鸡蛋,true
201004803,201000006,鸡蛋,true
201004957,201000006,鸡蛋,true
201005056,201000006,鸡蛋,true
201005076,201000006,鸡蛋,true
201005183,201000006,鸡蛋,true
201005274,201000006,鸡蛋,true
201005344,201000006,鸡蛋,true
201005472,201000006,鸡蛋,true
201005482,201000006,鸡蛋,true
201005575,201000006,鸡蛋,true
201005585,201000006,鸡蛋,true
201005655,201000006,鸡蛋,true
201005671,201000006,鸡蛋,true
201005692,201000006,鸡蛋,true
201005710,201000006,鸡蛋,true
201005726,201000006,鸡蛋,true
201001752,201001752,鸡蛋清,false
201003712,201001752,鸡蛋清,true
201003347,201003347,鸡蛋黄,false
201002858,201002858,鸭子,false
201001429,201001429,鸭肉,false
201002328,201001429,鸭肉,true
201003012,201003012,鹌鹑蛋,false
201003879,201003879,麦冬,false
201004008,201003879,麦冬,true
201000559,201000559,麦片,false
201003587,201003587,麦芽粉,false
201001788,201001788,麻油,false
201002205,201001788,麻油,true
201003266,201001788,麻油,true
201004356,201001788,麻油,true
201004583,201001788,麻油,true
201002109,201002109,麻辣香锅调料,false
201000784,201000784,麻辣鲜,false
201001387,201001387,黄冰糖,false
201000321,201000321,黄油,false
201000498,201000321,黄油,true
201000556,201000321,黄油,true
201000633,201000321,黄油,true
201000664,201000321,黄油,true
201000734,201000321,黄油,true
201000960,201000321,黄油,true
201001019,201000321,黄油,true
201001055,201000321,黄油,true
201002397,201000321,黄油,true
201002879,201000321,黄油,true
201003114,201000321,黄油,true
201003662,201000321,黄油,true
201003686,201000321,黄油,true
201004437,201004437,黄油或玉米油,false
201002147,201002147,黄瓜,false
201003538,201002147,黄瓜,true
201004097,201002147,黄瓜,true
201004286,201002147,黄瓜,true
201004795,201002147,黄瓜,true
201004886,201002147,黄瓜,true
201005273,201002147,黄瓜,true
201003716,201003716,黄花,false
201003830,201003830,黄豆,false
201000173,201000173,黄豆酱,false
201002226,201000173,黄豆酱,true
201002383,201000173,黄豆酱,true
201003327,201000173,黄豆酱,true
201000211,201000211,黄酒,false
201001952,201000211,黄酒,true
201003660,201003660,黑椒混合牛排调味料,false
201003513,201003513,黑椒腌料,false
201003826,201003826,黑米,false
201000187,201000187,黑胡椒,false
201000737,201000187,黑胡椒,true
201001688,201000187,黑胡椒,true
201001785,201000187,黑胡椒,true
201002881,201000187,黑胡椒,true
201003807,201000187,黑胡椒,true
201004760,201000187,黑胡椒,true
201005485,201000187,黑胡椒,true
201003692,201003692,黑胡椒碎,false
201000115,201000115,黑胡椒粉,false
201001800,201000115,黑胡椒粉,true
201001861,201000115,黑胡椒粉,true
201003208,201000115,黑胡椒粉,true
201003947,201000115,黑胡椒粉,true
201000499,201000499,黑胡椒粒,false
201004626,201004626,黑胡椒酱,false
201003512,201003512,黑胡椒（粉）,false
201000617,201000617,黑芝麻,false
201000207,201000207,黑虎虾/明虾,false
201002683,201002683,黑醋,false
201003621,201002683,黑醋,true
201004031,201002683,黑醋,true
201000024,201000024,黑鳕鱼,false
201003526,201003526,黔式腊肠,false
201001232,201001232,龙舌兰酒,false
201001137,201001137,龟苓膏粉,false
